experiment,graph_id,graph_type,model,repetition,attack_id,attack_type,strategy,fraction_removed,nodes_removed,gcc_fraction,gcc_size,avg_path_length_gcc,diameter_gcc,global_efficiency,global_clustering,avg_local_clustering,mean_degree,max_degree,degree_std
synthetic_comparison,ER_n1000_p0.01,synthetic,erdos_renyi,0,random_failures,random,,0.0,0,1.0,1000,3.260036036036036,6,0.3245843176507079,0.010565090673575129,0.011135467155823192,9.97,20,3.0635110575938844
synthetic_comparison,ER_n1000_p0.01,synthetic,erdos_renyi,0,random_failures,random,,0.05,50,0.95,950,3.301902279407687,6,0.32090059712066576,0.010654561704729873,0.011894703435358478,9.47578947368421,19,3.032272581465962
synthetic_comparison,ER_n1000_p0.01,synthetic,erdos_renyi,0,random_failures,random,,0.1,100,0.9,900,3.3406921270547523,6,0.3175804391729257,0.010486359540129442,0.012574035222126037,9.028888888888888,19,2.9805385212312236
synthetic_comparison,ER_n1000_p0.01,synthetic,erdos_renyi,0,random_failures,random,,0.15000000000000002,150,0.85,850,3.386422781126585,6,0.31372821543360185,0.010140681840131347,0.012077185213863414,8.545882352941176,18,2.9331193169279084
synthetic_comparison,ER_n1000_p0.01,synthetic,erdos_renyi,0,random_failures,random,,0.2,200,0.8,800,3.4349468085106385,6,0.30973013141517225,0.010324258182930559,0.012279226288417464,8.0775,18,2.865570405695871
synthetic_comparison,ER_n1000_p0.01,synthetic,erdos_renyi,0,random_failures,random,,0.25,250,0.75,750,3.501311971517579,6,0.3043548434953794,0.010814606741573033,0.012913296289766878,7.56,18,2.7141112725899803
synthetic_comparison,ER_n1000_p0.01,synthetic,erdos_renyi,0,random_failures,random,,0.30000000000000004,300,0.7,700,3.570222767218475,6,0.29920185298696966,0.010118911502401098,0.012003980146837288,7.082857142857143,16,2.6254779934094956
synthetic_comparison,ER_n1000_p0.01,synthetic,erdos_renyi,0,random_failures,random,,0.35000000000000003,350,0.65,650,3.646063766741733,7,0.2938808987614929,0.010759493670886076,0.011974290666598358,6.64,15,2.510825791218131
synthetic_comparison,ER_n1000_p0.01,synthetic,erdos_renyi,0,random_failures,random,,0.4,400,0.6,600,3.720289371174179,7,0.28890896202608163,0.010453872288526875,0.011621979871979871,6.203333333333333,15,2.446491819365481
synthetic_comparison,ER_n1000_p0.01,synthetic,erdos_renyi,0,random_failures,random,,0.45,450,0.549,549,3.8653823142275936,7,0.27840282607456723,0.009769713886950453,0.009240678513405785,5.6036363636363635,14,2.3384504299264375
synthetic_comparison,ER_n1000_p0.01,synthetic,erdos_renyi,0,random_failures,random,,0.5,500,0.496,496,3.9700065167807104,7,0.26892108025560124,0.011303692539562924,0.011866766566766567,5.148,13,2.2773001558863513
synthetic_comparison,ER_n1000_p0.01,synthetic,erdos_renyi,0,random_failures,random,,0.55,550,0.445,445,4.111539629517158,8,0.25954632870208855,0.0121580547112462,0.01635786435786436,4.68,12,2.170468459419149
synthetic_comparison,ER_n1000_p0.01,synthetic,erdos_renyi,0,random_failures,random,,0.6000000000000001,600,0.395,395,4.318730321917368,9,0.24849448024823428,0.013636363636363636,0.015785353535353534,4.175,11,2.084316434709471
synthetic_comparison,ER_n1000_p0.01,synthetic,erdos_renyi,0,random_failures,random,,0.65,650,0.345,345,4.530872935625211,9,0.23814110285967824,0.010900282599919257,0.012727891156462586,3.7314285714285713,11,1.9905162903228941
synthetic_comparison,ER_n1000_p0.01,synthetic,erdos_renyi,0,random_failures,random,,0.7000000000000001,700,0.288,288,5.067121564072783,10,0.20594245368167005,0.008540925266903915,0.010888888888888889,3.0933333333333333,9,1.7003790427104448
synthetic_comparison,ER_n1000_p0.01,synthetic,erdos_renyi,0,random_failures,random,,0.75,750,0.23,230,5.711524587051453,14,0.17224278550543187,0.0038860103626943004,0.004933333333333334,2.496,8,1.5626848690634974
synthetic_comparison,ER_n1000_p0.01,synthetic,erdos_renyi,0,random_failures,random,,0.8,800,0.171,171,6.446370829033368,15,0.13700786706314344,0,0.0,2.03,7,1.4032462364104172
synthetic_comparison,ER_n1000_p0.01,synthetic,erdos_renyi,0,random_failures,random,,0.8500000000000001,850,0.112,112,7.252091377091377,16,0.10123351046169572,0,0.0,1.6933333333333334,6,1.3213461149734975
synthetic_comparison,ER_n1000_p0.01,synthetic,erdos_renyi,0,random_failures,random,,0.9,900,0.042,42,5.535423925667828,13,0.0561157069641918,0,0.0,1.34,5,1.1934822998268557
synthetic_comparison,ER_n1000_p0.01,synthetic,erdos_renyi,0,random_failures,random,,0.9500000000000001,950,0.007,7,2.380952380952381,5,0.018462585034013608,0,0.0,0.6,3,0.8
synthetic_comparison,ER_n1000_p0.01,synthetic,erdos_renyi,0,random_failures,random,,1.0,1000,0.0,0,0.0,0,0.0,0.0,0.0,0.0,0,0.0
synthetic_comparison,ER_n1000_p0.01,synthetic,erdos_renyi,0,targeted_degree,targeted,degree,0.0,0,1.0,1000,3.260036036036036,6,0.3245843176507079,0.010565090673575129,0.011135467155823192,9.97,20,3.0635110575938844
synthetic_comparison,ER_n1000_p0.01,synthetic,erdos_renyi,0,targeted_degree,targeted,degree,0.05,50,0.95,950,3.4024513338139872,6,0.3113891261357098,0.009741070685205229,0.010571942677205836,8.804210526315789,15,2.6737679224358817
synthetic_comparison,ER_n1000_p0.01,synthetic,erdos_renyi,0,targeted_degree,targeted,degree,0.1,100,0.9,900,3.5469855394883205,6,0.29905236270892654,0.009149096385542168,0.010036827370160704,7.831111111111111,14,2.3509640785782824
synthetic_comparison,ER_n1000_p0.01,synthetic,erdos_renyi,0,targeted_degree,targeted,degree,0.15000000000000002,150,0.85,850,3.7038342686898083,7,0.28722274681466675,0.008889112093210125,0.008961633138103726,7.00235294117647,12,2.195716496785515
synthetic_comparison,ER_n1000_p0.01,synthetic,erdos_renyi,0,targeted_degree,targeted,degree,0.2,200,0.798,798,3.88620862067339,8,0.27339409380823343,0.008738653299010975,0.008817189754689755,6.235,12,2.0651331676189795
synthetic_comparison,ER_n1000_p0.01,synthetic,erdos_renyi,0,targeted_degree,targeted,degree,0.25,250,0.747,747,4.0873197885375285,8,0.2600352554725991,0.00775480059084195,0.008400962000962001,5.557333333333333,11,1.8864551118139252
synthetic_comparison,ER_n1000_p0.01,synthetic,erdos_renyi,0,targeted_degree,targeted,degree,0.30000000000000004,300,0.696,696,4.319507152898371,9,0.24633123769212495,0.00751597143930853,0.008599773242630386,4.948571428571428,10,1.8079777856681167
synthetic_comparison,ER_n1000_p0.01,synthetic,erdos_renyi,0,targeted_degree,targeted,degree,0.35000000000000003,350,0.646,646,4.56844505243958,9,0.2339141329473415,0.008097165991902834,0.00833943833943834,4.430769230769231,10,1.7432880583649595
synthetic_comparison,ER_n1000_p0.01,synthetic,erdos_renyi,0,targeted_degree,targeted,degree,0.4,400,0.594,594,4.9629005059021924,11,0.21566750400039045,0.005788712011577424,0.00671031746031746,3.8666666666666667,9,1.6539514973407037
synthetic_comparison,ER_n1000_p0.01,synthetic,erdos_renyi,0,targeted_degree,targeted,degree,0.45,450,0.541,541,5.500499760388855,14,0.1948697640967502,0.005294740557712672,0.003935064935064935,3.349090909090909,8,1.560288170035817
synthetic_comparison,ER_n1000_p0.01,synthetic,erdos_renyi,0,targeted_degree,targeted,degree,0.5,500,0.481,481,6.110758835758836,14,0.16995168516619355,0.007882291119285338,0.006190476190476191,2.88,8,1.4824304368165138
synthetic_comparison,ER_n1000_p0.01,synthetic,erdos_renyi,0,targeted_degree,targeted,degree,0.55,550,0.422,422,7.085319314203375,15,0.14252528493814182,0.007401315789473684,0.005555555555555556,2.4444444444444446,6,1.368787875060844
synthetic_comparison,ER_n1000_p0.01,synthetic,erdos_renyi,0,targeted_degree,targeted,degree,0.6000000000000001,600,0.339,339,8.089647588626486,18,0.10514941432554926,0.003968253968253968,0.00125,2.07,6,1.2510395677195825
synthetic_comparison,ER_n1000_p0.01,synthetic,erdos_renyi,0,targeted_degree,targeted,degree,0.65,650,0.236,236,11.854850342589254,30,0.05420900395786845,0.007211538461538462,0.0019047619047619048,1.6514285714285715,6,1.140769521875833
synthetic_comparison,ER_n1000_p0.01,synthetic,erdos_renyi,0,targeted_degree,targeted,degree,0.7000000000000001,700,0.047,47,7.350601295097133,16,0.014099662322070283,0,0.0,1.3,5,1.0311805532172014
synthetic_comparison,ER_n1000_p0.01,synthetic,erdos_renyi,0,targeted_degree,targeted,degree,0.75,750,0.016,16,3.7083333333333335,8,0.00763641231593037,0,0.0,1.032,4,0.9289650154876662
synthetic_comparison,ER_n1000_p0.01,synthetic,erdos_renyi,0,targeted_degree,targeted,degree,0.8,800,0.008,8,2.5714285714285716,5,0.005329983249581243,0,0.0,0.75,3,0.7921489758877429
synthetic_comparison,ER_n1000_p0.01,synthetic,erdos_renyi,0,targeted_degree,targeted,degree,0.8500000000000001,850,0.008,8,2.5714285714285716,5,0.004771066368381804,0,0.0,0.5333333333333333,3,0.6992058987801011
synthetic_comparison,ER_n1000_p0.01,synthetic,erdos_renyi,0,targeted_degree,targeted,degree,0.9,900,0.003,3,1.3333333333333333,2,0.0035353535353535356,0,0.0,0.3,2,0.5567764362830021
synthetic_comparison,ER_n1000_p0.01,synthetic,erdos_renyi,0,targeted_degree,targeted,degree,0.9500000000000001,950,0.002,2,1.0,1,0.0016326530612244899,0,0.0,0.08,1,0.2712931993250107
synthetic_comparison,ER_n1000_p0.01,synthetic,erdos_renyi,0,targeted_degree,targeted,degree,1.0,1000,0.0,0,0.0,0,0.0,0.0,0.0,0.0,0,0.0
synthetic_comparison,ER_n1000_p0.01,synthetic,erdos_renyi,0,targeted_betweenness,targeted,betweenness,0.0,0,1.0,1000,3.260036036036036,6,0.3245843176507079,0.010565090673575129,0.011135467155823192,9.97,20,3.0635110575938844
synthetic_comparison,ER_n1000_p0.01,synthetic,erdos_renyi,0,targeted_betweenness,targeted,betweenness,0.05,50,0.95,950,3.4052775775054074,6,0.3111673968916319,0.009764375330347456,0.01079366831998411,8.8,16,2.652903077166994
synthetic_comparison,ER_n1000_p0.01,synthetic,erdos_renyi,0,targeted_betweenness,targeted,betweenness,0.1,100,0.9,900,3.5441428747991597,7,0.299474077606733,0.009682086285565902,0.009991933991933991,7.868888888888889,14,2.4194877531523735
synthetic_comparison,ER_n1000_p0.01,synthetic,erdos_renyi,0,targeted_betweenness,targeted,betweenness,0.15000000000000002,150,0.849,849,3.6941184967886747,7,0.287340116730825,0.009950987672657062,0.0096306242776831,7.049411764705883,13,2.2095846577720417
synthetic_comparison,ER_n1000_p0.01,synthetic,erdos_renyi,0,targeted_betweenness,targeted,betweenness,0.2,200,0.798,798,3.868174199614469,9,0.2747856112308244,0.01068108393222127,0.010425414862914864,6.3075,12,2.1072360451548846
synthetic_comparison,ER_n1000_p0.01,synthetic,erdos_renyi,0,targeted_betweenness,targeted,betweenness,0.25,250,0.747,747,4.068693002573296,9,0.26146067207749657,0.00935495367070563,0.00953958633958634,5.632,11,1.9604190028324726
synthetic_comparison,ER_n1000_p0.01,synthetic,erdos_renyi,0,targeted_betweenness,targeted,betweenness,0.30000000000000004,300,0.697,697,4.291437853526609,9,0.24870772791624857,0.008355534027609591,0.008924036281179139,5.022857142857143,11,1.84066536328357
synthetic_comparison,ER_n1000_p0.01,synthetic,erdos_renyi,0,targeted_betweenness,targeted,betweenness,0.35000000000000003,350,0.646,646,4.547512419900641,10,0.2349188796131074,0.007935195900148784,0.008173382173382173,4.486153846153846,10,1.7242056742455616
synthetic_comparison,ER_n1000_p0.01,synthetic,erdos_renyi,0,targeted_betweenness,targeted,betweenness,0.4,400,0.594,594,4.934726693579982,11,0.21644622490850224,0.005763688760806916,0.005599206349206349,3.89,10,1.6241613220366995
synthetic_comparison,ER_n1000_p0.01,synthetic,erdos_renyi,0,targeted_betweenness,targeted,betweenness,0.45,450,0.54,540,5.372569229712087,12,0.1981442858069204,0.005045408678102927,0.003883116883116883,3.418181818181818,9,1.5953444665470053
synthetic_comparison,ER_n1000_p0.01,synthetic,erdos_renyi,0,targeted_betweenness,targeted,betweenness,0.5,500,0.488,488,6.133444979297809,14,0.17416729033586875,0.006269592476489028,0.004333333333333333,2.916,8,1.438382424809202
synthetic_comparison,ER_n1000_p0.01,synthetic,erdos_renyi,0,targeted_betweenness,targeted,betweenness,0.55,550,0.421,421,7.356486822757606,18,0.13769968543575248,0.010230179028132993,0.006666666666666667,2.4133333333333336,7,1.3425680202093633
synthetic_comparison,ER_n1000_p0.01,synthetic,erdos_renyi,0,targeted_betweenness,targeted,betweenness,0.6000000000000001,600,0.33,330,8.39259463940315,21,0.09798535378095963,0.008152173913043478,0.0031666666666666666,2.04,6,1.2483589227461789
synthetic_comparison,ER_n1000_p0.01,synthetic,erdos_renyi,0,targeted_betweenness,targeted,betweenness,0.65,650,0.243,243,10.42488861680781,27,0.06113948062688643,0.01348314606741573,0.004285714285714286,1.68,6,1.1834091189682217
synthetic_comparison,ER_n1000_p0.01,synthetic,erdos_renyi,0,targeted_betweenness,targeted,betweenness,0.7000000000000001,700,0.054,54,8.572327044025156,20,0.016101162211879454,0.012605042016806723,0.0022222222222222222,1.3333333333333333,6,1.0687479694587598
synthetic_comparison,ER_n1000_p0.01,synthetic,erdos_renyi,0,targeted_betweenness,targeted,betweenness,0.75,750,0.014,14,3.8131868131868134,9,0.0067821125772932886,0,0.0,1.0,3,0.8809086218218096
synthetic_comparison,ER_n1000_p0.01,synthetic,erdos_renyi,0,targeted_betweenness,targeted,betweenness,0.8,800,0.007,7,2.380952380952381,5,0.005152428810720271,0,0.0,0.72,3,0.8009993757800314
synthetic_comparison,ER_n1000_p0.01,synthetic,erdos_renyi,0,targeted_betweenness,targeted,betweenness,0.8500000000000001,850,0.007,7,2.380952380952381,5,0.004037285607755407,0,0.0,0.4533333333333333,3,0.6888315388314395
synthetic_comparison,ER_n1000_p0.01,synthetic,erdos_renyi,0,targeted_betweenness,targeted,betweenness,0.9,900,0.003,3,1.3333333333333333,2,0.0013131313131313131,0,0.0,0.12,2,0.35440090293338705
synthetic_comparison,ER_n1000_p0.01,synthetic,erdos_renyi,0,targeted_betweenness,targeted,betweenness,0.9500000000000001,950,0.002,2,1.0,1,0.0008163265306122449,0,0.0,0.04,1,0.19595917942265428
synthetic_comparison,ER_n1000_p0.01,synthetic,erdos_renyi,0,targeted_betweenness,targeted,betweenness,1.0,1000,0.0,0,0.0,0,0.0,0.0,0.0,0.0,0,0.0
synthetic_comparison,ER_n1000_p0.01,synthetic,erdos_renyi,1,random_failures,random,,0.0,0,1.0,1000,3.268900900900901,5,0.32375111778419274,0.010347783492530002,0.010004976736818168,9.89,24,3.173310574148078
synthetic_comparison,ER_n1000_p0.01,synthetic,erdos_renyi,1,random_failures,random,,0.05,50,0.95,950,3.3001364317009596,6,0.3210238663051988,0.01053518752633797,0.010176754895134503,9.47578947368421,24,3.0999054583028034
synthetic_comparison,ER_n1000_p0.01,synthetic,erdos_renyi,1,random_failures,random,,0.1,100,0.9,900,3.351338524286244,6,0.31646603221865705,0.009765461981470661,0.010172704396354955,8.926666666666666,23,3.0190432627278168
synthetic_comparison,ER_n1000_p0.01,synthetic,erdos_renyi,1,random_failures,random,,0.15000000000000002,150,0.85,850,3.4158996743573753,6,0.31093567980916803,0.009604043807919124,0.01016914174422904,8.338823529411764,23,2.937069132060938
synthetic_comparison,ER_n1000_p0.01,synthetic,erdos_renyi,1,random_failures,random,,0.2,200,0.8,800,3.4835075093867336,6,0.3055048498130917,0.010639598874892993,0.010627460527518577,7.8075,22,2.8597104311450834
synthetic_comparison,ER_n1000_p0.01,synthetic,erdos_renyi,1,random_failures,random,,0.25,250,0.75,750,3.526191366266133,6,0.3022746180095213,0.010127803231251507,0.010153070138209456,7.416,21,2.7770987258888247
synthetic_comparison,ER_n1000_p0.01,synthetic,erdos_renyi,1,random_failures,random,,0.30000000000000004,300,0.7,700,3.6127978745146128,7,0.29569201872417333,0.009243037515858152,0.008788469933427917,6.854285714285714,20,2.6771885954318204
synthetic_comparison,ER_n1000_p0.01,synthetic,erdos_renyi,1,random_failures,random,,0.35000000000000003,350,0.65,650,3.690918572952471,7,0.290231203823685,0.008984053305382945,0.007624627509242893,6.396923076923077,18,2.5641294357566293
synthetic_comparison,ER_n1000_p0.01,synthetic,erdos_renyi,1,random_failures,random,,0.4,400,0.6,600,3.7835058430717865,7,0.2841246124487399,0.00820213066842651,0.006717726717726719,5.953333333333333,18,2.422358813681867
synthetic_comparison,ER_n1000_p0.01,synthetic,erdos_renyi,1,random_failures,random,,0.45,450,0.55,550,3.8682165921510183,7,0.27891412170060487,0.009228584950307619,0.00918777182413546,5.567272727272727,17,2.3037561854466
synthetic_comparison,ER_n1000_p0.01,synthetic,erdos_renyi,1,random_failures,random,,0.5,500,0.5,500,4.021875751503006,8,0.269872840919731,0.009456264775413711,0.007008424908424908,5.056,16,2.207456454836652
synthetic_comparison,ER_n1000_p0.01,synthetic,erdos_renyi,1,random_failures,random,,0.55,550,0.447,447,4.226974047210602,11,0.25572458919435603,0.007903402854006586,0.00515664582331249,4.502222222222223,15,2.1158123093495464
synthetic_comparison,ER_n1000_p0.01,synthetic,erdos_renyi,1,random_failures,random,,0.6000000000000001,600,0.394,394,4.492256622880097,10,0.2389145731392195,0.006756756756756757,0.0036408730158730158,3.965,10,1.9451927925015555
synthetic_comparison,ER_n1000_p0.01,synthetic,erdos_renyi,1,random_failures,random,,0.65,650,0.34,340,4.8791775117126495,12,0.21774027746048827,0.005870841487279843,0.0025963718820861677,3.4114285714285715,10,1.858382004182506
synthetic_comparison,ER_n1000_p0.01,synthetic,erdos_renyi,1,random_failures,random,,0.7000000000000001,700,0.278,278,5.376282367607719,12,0.18309337924557112,0.007569386038687973,0.004076719576719576,2.82,10,1.671606014187155
synthetic_comparison,ER_n1000_p0.01,synthetic,erdos_renyi,1,random_failures,random,,0.75,750,0.22,220,6.366625155666251,16,0.14476415151113697,0.009523809523809525,0.003657142857142857,2.264,7,1.4759078562024122
synthetic_comparison,ER_n1000_p0.01,synthetic,erdos_renyi,1,random_failures,random,,0.8,800,0.161,161,7.860093167701863,17,0.10551031414721034,0,0.0,1.83,6,1.2965724044572289
synthetic_comparison,ER_n1000_p0.01,synthetic,erdos_renyi,1,random_failures,random,,0.8500000000000001,850,0.084,84,6.8588640275387265,15,0.06334777054911225,0,0.0,1.44,5,1.1802824520709723
synthetic_comparison,ER_n1000_p0.01,synthetic,erdos_renyi,1,random_failures,random,,0.9,900,0.019,19,4.970760233918129,12,0.021102402087250557,0,0.0,0.88,3,0.9516301802696254
synthetic_comparison,ER_n1000_p0.01,synthetic,erdos_renyi,1,random_failures,random,,0.9500000000000001,950,0.006,6,2.3333333333333335,5,0.011183673469387754,0,0.0,0.4,2,0.6324555320336759
synthetic_comparison,ER_n1000_p0.01,synthetic,erdos_renyi,1,random_failures,random,,1.0,1000,0.0,0,0.0,0,0.0,0.0,0.0,0.0,0,0.0
synthetic_comparison,ER_n1000_p0.01,synthetic,erdos_renyi,1,targeted_degree,targeted,degree,0.0,0,1.0,1000,3.268900900900901,5,0.32375111778419274,0.010347783492530002,0.010004976736818168,9.89,24,3.173310574148078
synthetic_comparison,ER_n1000_p0.01,synthetic,erdos_renyi,1,targeted_degree,targeted,degree,0.05,50,0.95,950,3.419182518995064,6,0.3098429741382817,0.009198535048121965,0.008637584637584636,8.701052631578948,15,2.6732788752014516
synthetic_comparison,ER_n1000_p0.01,synthetic,erdos_renyi,1,targeted_degree,targeted,degree,0.1,100,0.9,900,3.548451365714992,6,0.2990323404619997,0.008835371309275275,0.007922170422170421,7.822222222222222,14,2.498789830554773
synthetic_comparison,ER_n1000_p0.01,synthetic,erdos_renyi,1,targeted_degree,targeted,degree,0.15000000000000002,150,0.85,850,3.710175292731934,7,0.2866792370668238,0.007708585247883918,0.006729564553093965,6.95764705882353,13,2.2912815048038198
synthetic_comparison,ER_n1000_p0.01,synthetic,erdos_renyi,1,targeted_degree,targeted,degree,0.2,200,0.799,799,3.8987362022076466,7,0.2730540780146349,0.006824291721238023,0.005696158008658009,6.155,12,2.1303696862281907
synthetic_comparison,ER_n1000_p0.01,synthetic,erdos_renyi,1,targeted_degree,targeted,degree,0.25,250,0.749,749,4.145823665065007,8,0.2578918430920123,0.004908565928777671,0.003991534391534391,5.402666666666667,12,1.9800318740419867
synthetic_comparison,ER_n1000_p0.01,synthetic,erdos_renyi,1,targeted_degree,targeted,degree,0.30000000000000004,300,0.696,696,4.401914330604482,9,0.24210727342837,0.003977197401564364,0.0035408163265306125,4.771428571428571,11,1.8858225077170558
synthetic_comparison,ER_n1000_p0.01,synthetic,erdos_renyi,1,targeted_degree,targeted,degree,0.35000000000000003,350,0.643,643,4.694311613687786,10,0.22606450611475087,0.0027598896044158236,0.0021794871794871794,4.203076923076923,9,1.805629592372719
synthetic_comparison,ER_n1000_p0.01,synthetic,erdos_renyi,1,targeted_degree,targeted,degree,0.4,400,0.592,592,5.187468559930489,11,0.2054246886941439,0.0016519823788546256,0.0017142857142857142,3.6066666666666665,9,1.6447762428029196
synthetic_comparison,ER_n1000_p0.01,synthetic,erdos_renyi,1,targeted_degree,targeted,degree,0.45,450,0.537,537,5.708941326885127,14,0.185685545158505,0.0023237800154918666,0.0022077922077922076,3.1745454545454543,8,1.57667292761091
synthetic_comparison,ER_n1000_p0.01,synthetic,erdos_renyi,1,targeted_degree,targeted,degree,0.5,500,0.468,468,6.5072658723622325,14,0.15188140541267037,0.0018598884066955983,0.0010666666666666667,2.632,8,1.4685285152151455
synthetic_comparison,ER_n1000_p0.01,synthetic,erdos_renyi,1,targeted_degree,targeted,degree,0.55,550,0.382,382,7.760673894820739,19,0.10908707260463091,0.003061224489795918,0.0011851851851851852,2.168888888888889,8,1.3492091876720842
synthetic_comparison,ER_n1000_p0.01,synthetic,erdos_renyi,1,targeted_degree,targeted,degree,0.6000000000000001,600,0.286,286,8.48548644338118,21,0.07357618744316155,0,0.0,1.795,8,1.2817858635513186
synthetic_comparison,ER_n1000_p0.01,synthetic,erdos_renyi,1,targeted_degree,targeted,degree,0.65,650,0.169,169,10.36862496477881,29,0.03284516572679921,0,0.0,1.4228571428571428,5,1.1076579446963668
synthetic_comparison,ER_n1000_p0.01,synthetic,erdos_renyi,1,targeted_degree,targeted,degree,0.7000000000000001,700,0.044,44,7.266384778012685,18,0.009697357655059854,0,0.0,1.1,4,0.9539392014169457
synthetic_comparison,ER_n1000_p0.01,synthetic,erdos_renyi,1,targeted_degree,targeted,degree,0.75,750,0.011,11,3.1272727272727274,7,0.0053152036718301715,0,0.0,0.8,3,0.8390470785361213
synthetic_comparison,ER_n1000_p0.01,synthetic,erdos_renyi,1,targeted_degree,targeted,degree,0.8,800,0.009,9,2.6666666666666665,5,0.003882747068676718,0,0.0,0.57,3,0.7107038764492565
synthetic_comparison,ER_n1000_p0.01,synthetic,erdos_renyi,1,targeted_degree,targeted,degree,0.8500000000000001,850,0.005,5,2.0,4,0.003862788963460104,0,0.0,0.4666666666666667,2,0.6394442031083626
synthetic_comparison,ER_n1000_p0.01,synthetic,erdos_renyi,1,targeted_degree,targeted,degree,0.9,900,0.005,5,2.0,4,0.003316498316498316,0,0.0,0.28,2,0.5114684741017769
synthetic_comparison,ER_n1000_p0.01,synthetic,erdos_renyi,1,targeted_degree,targeted,degree,0.9500000000000001,950,0.003,3,1.3333333333333333,2,0.002857142857142857,0,0.0,0.12,2,0.38157568056677826
synthetic_comparison,ER_n1000_p0.01,synthetic,erdos_renyi,1,targeted_degree,targeted,degree,1.0,1000,0.0,0,0.0,0,0.0,0.0,0.0,0.0,0,0.0
synthetic_comparison,ER_n1000_p0.01,synthetic,erdos_renyi,1,targeted_betweenness,targeted,betweenness,0.0,0,1.0,1000,3.268900900900901,5,0.32375111778419274,0.010347783492530002,0.010004976736818168,9.89,24,3.173310574148078
synthetic_comparison,ER_n1000_p0.01,synthetic,erdos_renyi,1,targeted_betweenness,targeted,betweenness,0.05,50,0.95,950,3.4185946425600355,6,0.3099838056691677,0.009477068877982739,0.008848625059151375,8.72421052631579,15,2.6930208352028333
synthetic_comparison,ER_n1000_p0.01,synthetic,erdos_renyi,1,targeted_betweenness,targeted,betweenness,0.1,100,0.9,900,3.547126436781609,6,0.2992387426372613,0.009648085169303563,0.00842617259283926,7.848888888888889,15,2.5217826342333685
synthetic_comparison,ER_n1000_p0.01,synthetic,erdos_renyi,1,targeted_betweenness,targeted,betweenness,0.15000000000000002,150,0.85,850,3.703764983025012,7,0.2872165902884532,0.008953887479480675,0.007776733070850718,6.992941176470588,13,2.3222599659557863
synthetic_comparison,ER_n1000_p0.01,synthetic,erdos_renyi,1,targeted_betweenness,targeted,betweenness,0.2,200,0.8,800,3.884671464330413,7,0.27477036027225243,0.007841297500167549,0.006513077200577201,6.2225,12,2.192143642647534
synthetic_comparison,ER_n1000_p0.01,synthetic,erdos_renyi,1,targeted_betweenness,targeted,betweenness,0.25,250,0.749,749,4.1191642332379,8,0.259559005658009,0.006153272422151781,0.005098412698412698,5.48,11,2.013024258837103
synthetic_comparison,ER_n1000_p0.01,synthetic,erdos_renyi,1,targeted_betweenness,targeted,betweenness,0.30000000000000004,300,0.699,699,4.378067726715611,9,0.2454664973277484,0.0038565368299267257,0.003552154195011338,4.845714285714286,11,1.8948566258830932
synthetic_comparison,ER_n1000_p0.01,synthetic,erdos_renyi,1,targeted_betweenness,targeted,betweenness,0.35000000000000003,350,0.645,645,4.7062641436756705,10,0.22685146491864489,0.004416635995583364,0.004252747252747252,4.2153846153846155,10,1.779302436283195
synthetic_comparison,ER_n1000_p0.01,synthetic,erdos_renyi,1,targeted_betweenness,targeted,betweenness,0.4,400,0.592,592,5.126463392326336,12,0.20776496461498184,0.0023885350318471337,0.0019365079365079364,3.6666666666666665,9,1.6679994670929073
synthetic_comparison,ER_n1000_p0.01,synthetic,erdos_renyi,1,targeted_betweenness,targeted,betweenness,0.45,450,0.539,539,5.80593967901456,12,0.18345125754220132,0.0024183796856106408,0.0013333333333333333,3.130909090909091,8,1.533015178395205
synthetic_comparison,ER_n1000_p0.01,synthetic,erdos_renyi,1,targeted_betweenness,targeted,betweenness,0.5,500,0.473,473,6.6618142401548,14,0.15174370192264847,0.0018856065367693275,0.001,2.648,8,1.4142475030913082
synthetic_comparison,ER_n1000_p0.01,synthetic,erdos_renyi,1,targeted_betweenness,targeted,betweenness,0.55,550,0.403,403,8.197153191857092,17,0.11453506664246507,0,0.0,2.16,7,1.2931271313284622
synthetic_comparison,ER_n1000_p0.01,synthetic,erdos_renyi,1,targeted_betweenness,targeted,betweenness,0.6000000000000001,600,0.301,301,9.949634551495016,22,0.07175016397782799,0,0.0,1.805,7,1.2194158437547054
synthetic_comparison,ER_n1000_p0.01,synthetic,erdos_renyi,1,targeted_betweenness,targeted,betweenness,0.65,650,0.181,181,12.54487415592388,32,0.03272796828230655,0,0.0,1.4114285714285715,5,1.0990311131879307
synthetic_comparison,ER_n1000_p0.01,synthetic,erdos_renyi,1,targeted_betweenness,targeted,betweenness,0.7000000000000001,700,0.024,24,5.594202898550725,13,0.006678291360565604,0,0.0,1.04,3,0.8708616422830896
synthetic_comparison,ER_n1000_p0.01,synthetic,erdos_renyi,1,targeted_betweenness,targeted,betweenness,0.75,750,0.008,8,2.5714285714285716,5,0.004761216293746413,0,0.0,0.792,3,0.7878680092502804
synthetic_comparison,ER_n1000_p0.01,synthetic,erdos_renyi,1,targeted_betweenness,targeted,betweenness,0.8,800,0.006,6,2.3333333333333335,5,0.0037135678391959793,0,0.0,0.56,3,0.6974238309665077
synthetic_comparison,ER_n1000_p0.01,synthetic,erdos_renyi,1,targeted_betweenness,targeted,betweenness,0.8500000000000001,850,0.005,5,2.0,4,0.002721849366144668,0,0.0,0.3466666666666667,2,0.5655282682786266
synthetic_comparison,ER_n1000_p0.01,synthetic,erdos_renyi,1,targeted_betweenness,targeted,betweenness,0.9,900,0.003,3,1.3333333333333333,2,0.0018181818181818182,0,0.0,0.16,2,0.41761226035642196
synthetic_comparison,ER_n1000_p0.01,synthetic,erdos_renyi,1,targeted_betweenness,targeted,betweenness,0.9500000000000001,950,0.002,2,1.0,1,0.0008163265306122449,0,0.0,0.04,1,0.19595917942265428
synthetic_comparison,ER_n1000_p0.01,synthetic,erdos_renyi,1,targeted_betweenness,targeted,betweenness,1.0,1000,0.0,0,0.0,0,0.0,0.0,0.0,0.0,0,0.0
synthetic_comparison,ER_n1000_p0.01,synthetic,erdos_renyi,2,random_failures,random,,0.0,0,0.999,999,3.263935277963334,5,0.32353833833812995,0.009662820565091532,0.010235188994012523,9.908,21,3.138078392902255
synthetic_comparison,ER_n1000_p0.01,synthetic,erdos_renyi,2,random_failures,random,,0.05,50,0.949,949,3.30917510326215,6,0.31945822934669327,0.009827833572453372,0.010262893272425617,9.385263157894737,20,3.0568290560835005
synthetic_comparison,ER_n1000_p0.01,synthetic,erdos_renyi,2,random_failures,random,,0.1,100,0.9,900,3.360234828822148,6,0.3156471799960126,0.010590527831907143,0.011230777803017225,8.86888888888889,19,2.9830128112528724
synthetic_comparison,ER_n1000_p0.01,synthetic,erdos_renyi,2,random_failures,random,,0.15000000000000002,150,0.85,850,3.413610475992517,6,0.3111318506214267,0.010570115096808832,0.011562161022368634,8.35764705882353,18,2.9372406607157573
synthetic_comparison,ER_n1000_p0.01,synthetic,erdos_renyi,2,random_failures,random,,0.2,200,0.8,800,3.4671964956195245,6,0.3068783375060455,0.01040794353391554,0.011318769057739646,7.88,18,2.9117177060972104
synthetic_comparison,ER_n1000_p0.01,synthetic,erdos_renyi,2,random_failures,random,,0.25,250,0.75,750,3.538392523364486,6,0.3013031300996901,0.011533969242748686,0.012313090613090613,7.352,16,2.8451296396942385
synthetic_comparison,ER_n1000_p0.01,synthetic,erdos_renyi,2,random_failures,random,,0.30000000000000004,300,0.7,700,3.623257715103209,6,0.29491750119183113,0.012204748315016091,0.012599606742463885,6.82,15,2.7132795127457316
synthetic_comparison,ER_n1000_p0.01,synthetic,erdos_renyi,2,random_failures,random,,0.35000000000000003,350,0.65,650,3.727377029749911,7,0.28778291764658626,0.011732229123533472,0.011027015719323413,6.3015384615384615,14,2.5919693913014843
synthetic_comparison,ER_n1000_p0.01,synthetic,erdos_renyi,2,random_failures,random,,0.4,400,0.6,600,3.851597106288258,7,0.279622121524705,0.011894142134998514,0.0108494560994561,5.776666666666666,14,2.456987767346205
synthetic_comparison,ER_n1000_p0.01,synthetic,erdos_renyi,2,random_failures,random,,0.45,450,0.55,550,3.9676966385163106,8,0.27258576396242334,0.01224177505738332,0.01141401023219205,5.330909090909091,13,2.3299530020443626
synthetic_comparison,ER_n1000_p0.01,synthetic,erdos_renyi,2,random_failures,random,,0.5,500,0.5,500,4.0933947895791585,8,0.2655723542320437,0.010947089069497429,0.011565079365079365,4.924,12,2.189571647605988
synthetic_comparison,ER_n1000_p0.01,synthetic,erdos_renyi,2,random_failures,random,,0.55,550,0.443,443,4.272095849973954,10,0.24851189592372558,0.013031550068587106,0.010477633477633478,4.386666666666667,12,2.1409862732446983
synthetic_comparison,ER_n1000_p0.01,synthetic,erdos_renyi,2,random_failures,random,,0.6000000000000001,600,0.392,392,4.507333368129861,10,0.2356287643712517,0.010676156583629894,0.008736111111111111,3.89,10,2.0525350179716786
synthetic_comparison,ER_n1000_p0.01,synthetic,erdos_renyi,2,random_failures,random,,0.65,650,0.335,335,4.879202788452945,10,0.21051708477107095,0.010769230769230769,0.00791609977324263,3.297142857142857,9,1.8891397459139536
synthetic_comparison,ER_n1000_p0.01,synthetic,erdos_renyi,2,random_failures,random,,0.7000000000000001,700,0.269,269,5.1412361981912005,11,0.17784589323721497,0.0024793388429752068,0.0014444444444444446,2.7666666666666666,9,1.7829438827088444
synthetic_comparison,ER_n1000_p0.01,synthetic,erdos_renyi,2,random_failures,random,,0.75,750,0.216,216,5.913695090439276,15,0.1488256594810749,0,0.0,2.336,8,1.5359374987283827
synthetic_comparison,ER_n1000_p0.01,synthetic,erdos_renyi,2,random_failures,random,,0.8,800,0.164,164,6.85380816998354,15,0.1213978492194599,0,0.0,1.98,7,1.3854963009694394
synthetic_comparison,ER_n1000_p0.01,synthetic,erdos_renyi,2,random_failures,random,,0.8500000000000001,850,0.095,95,8.818141097424412,21,0.06845909060891155,0,0.0,1.52,6,1.2259418148237433
synthetic_comparison,ER_n1000_p0.01,synthetic,erdos_renyi,2,random_failures,random,,0.9,900,0.012,12,3.1515151515151514,7,0.015281385281385283,0,0.0,0.88,4,0.8749857141690944
synthetic_comparison,ER_n1000_p0.01,synthetic,erdos_renyi,2,random_failures,random,,0.9500000000000001,950,0.01,10,2.8666666666666667,6,0.022653061224489804,0,0.0,0.6,4,0.848528137423857
synthetic_comparison,ER_n1000_p0.01,synthetic,erdos_renyi,2,random_failures,random,,1.0,1000,0.0,0,0.0,0,0.0,0.0,0.0,0.0,0,0.0
synthetic_comparison,ER_n1000_p0.01,synthetic,erdos_renyi,2,targeted_degree,targeted,degree,0.0,0,0.999,999,3.263935277963334,5,0.32353833833812995,0.009662820565091532,0.010235188994012523,9.908,21,3.138078392902255
synthetic_comparison,ER_n1000_p0.01,synthetic,erdos_renyi,2,targeted_degree,targeted,degree,0.05,50,0.949,949,3.410167486983856,6,0.3100652949561199,0.009061162849232317,0.009275356222724645,8.75157894736842,15,2.7275152817515735
synthetic_comparison,ER_n1000_p0.01,synthetic,erdos_renyi,2,targeted_degree,targeted,degree,0.1,100,0.899,899,3.5494598056241653,6,0.2982805174487641,0.008549251940455211,0.009211097544430877,7.8,14,2.494883653488564
synthetic_comparison,ER_n1000_p0.01,synthetic,erdos_renyi,2,targeted_degree,targeted,degree,0.15000000000000002,150,0.849,849,3.7003911371869234,6,0.28672306519877194,0.008245877061469266,0.008995168230462348,6.974117647058823,13,2.327692770366827
synthetic_comparison,ER_n1000_p0.01,synthetic,erdos_renyi,2,targeted_degree,targeted,degree,0.2,200,0.799,799,3.897845364349547,7,0.27305747511818584,0.008247422680412371,0.00918668831168831,6.16,12,2.1422884959780744
synthetic_comparison,ER_n1000_p0.01,synthetic,erdos_renyi,2,targeted_degree,targeted,degree,0.25,250,0.749,749,4.126364564517396,8,0.2588972259305487,0.007706212539244601,0.009070707070707071,5.445333333333333,11,1.9552522997187742
synthetic_comparison,ER_n1000_p0.01,synthetic,erdos_renyi,2,targeted_degree,targeted,degree,0.30000000000000004,300,0.699,699,4.422441391918869,9,0.24288789459432852,0.008064516129032258,0.008816326530612244,4.7542857142857144,10,1.8461299841472019
synthetic_comparison,ER_n1000_p0.01,synthetic,erdos_renyi,2,targeted_degree,targeted,degree,0.35000000000000003,350,0.64,640,4.694385758998435,9,0.22381584517117772,0.007787873168922678,0.008035409035409035,4.193846153846154,10,1.7886717825140896
synthetic_comparison,ER_n1000_p0.01,synthetic,erdos_renyi,2,targeted_degree,targeted,degree,0.4,400,0.586,586,5.133654210787316,10,0.2033475368995402,0.007285483000539665,0.007134920634920635,3.64,9,1.656421846430834
synthetic_comparison,ER_n1000_p0.01,synthetic,erdos_renyi,2,targeted_degree,targeted,degree,0.45,450,0.529,529,5.648393194706994,12,0.18087003763612636,0.009580838323353293,0.010874458874458875,3.149090909090909,8,1.5301660904826018
synthetic_comparison,ER_n1000_p0.01,synthetic,erdos_renyi,2,targeted_degree,targeted,degree,0.5,500,0.468,468,6.397747030509343,13,0.15393667132244676,0.012589928057553957,0.012666666666666666,2.72,7,1.4119490075778232
synthetic_comparison,ER_n1000_p0.01,synthetic,erdos_renyi,2,targeted_degree,targeted,degree,0.55,550,0.395,395,7.431253614341708,17,0.12035605319081287,0.011494252873563218,0.006592592592592593,2.2622222222222224,7,1.3358790512266343
synthetic_comparison,ER_n1000_p0.01,synthetic,erdos_renyi,2,targeted_degree,targeted,degree,0.6000000000000001,600,0.317,317,10.048796070758296,23,0.0779999999096652,0.015202702702702704,0.007166666666666667,1.865,6,1.1605063550019878
synthetic_comparison,ER_n1000_p0.01,synthetic,erdos_renyi,2,targeted_degree,targeted,degree,0.65,650,0.163,163,10.341134590623343,24,0.03086102950184944,0.00949367088607595,0.0047619047619047615,1.457142857142857,6,1.0675166681296802
synthetic_comparison,ER_n1000_p0.01,synthetic,erdos_renyi,2,targeted_degree,targeted,degree,0.7000000000000001,700,0.088,88,10.702978056426332,28,0.015658237840953836,0,0.0,1.1666666666666667,5,0.989388138643722
synthetic_comparison,ER_n1000_p0.01,synthetic,erdos_renyi,2,targeted_degree,targeted,degree,0.75,750,0.025,25,5.453333333333333,13,0.0072466817430672775,0,0.0,0.904,4,0.9070744181157354
synthetic_comparison,ER_n1000_p0.01,synthetic,erdos_renyi,2,targeted_degree,targeted,degree,0.8,800,0.009,9,3.1666666666666665,7,0.005641660684374255,0,0.0,0.72,4,0.8494704232638121
synthetic_comparison,ER_n1000_p0.01,synthetic,erdos_renyi,2,targeted_degree,targeted,degree,0.8500000000000001,850,0.006,6,2.3333333333333335,5,0.0039179716629381064,0,0.0,0.44,3,0.6681317235396027
synthetic_comparison,ER_n1000_p0.01,synthetic,erdos_renyi,2,targeted_degree,targeted,degree,0.9,900,0.002,2,1.0,1,0.0018181818181818182,0,0.0,0.18,1,0.38418745424597095
synthetic_comparison,ER_n1000_p0.01,synthetic,erdos_renyi,2,targeted_degree,targeted,degree,0.9500000000000001,950,0.002,2,1.0,1,0.0008163265306122449,0,0.0,0.04,1,0.19595917942265426
synthetic_comparison,ER_n1000_p0.01,synthetic,erdos_renyi,2,targeted_degree,targeted,degree,1.0,1000,0.0,0,0.0,0,0.0,0.0,0.0,0.0,0,0.0
synthetic_comparison,ER_n1000_p0.01,synthetic,erdos_renyi,2,targeted_betweenness,targeted,betweenness,0.0,0,0.999,999,3.263935277963334,5,0.32353833833812995,0.009662820565091532,0.010235188994012523,9.908,21,3.138078392902255
synthetic_comparison,ER_n1000_p0.01,synthetic,erdos_renyi,2,targeted_betweenness,targeted,betweenness,0.05,50,0.949,949,3.410416472147008,6,0.3100762020975253,0.009456858314503306,0.009615247325773641,8.762105263157896,16,2.730381849037099
synthetic_comparison,ER_n1000_p0.01,synthetic,erdos_renyi,2,targeted_betweenness,targeted,betweenness,0.1,100,0.899,899,3.5478742775318284,6,0.29849038025929603,0.008708272859216255,0.00934751051417718,7.826666666666667,14,2.5066489361075055
synthetic_comparison,ER_n1000_p0.01,synthetic,erdos_renyi,2,targeted_betweenness,targeted,betweenness,0.15000000000000002,150,0.849,849,3.6904626975131674,6,0.28749541559948977,0.008715777033681309,0.009016023192493781,7.0188235294117645,13,2.35339525030375
synthetic_comparison,ER_n1000_p0.01,synthetic,erdos_renyi,2,targeted_betweenness,targeted,betweenness,0.2,200,0.799,799,3.896405594712689,7,0.27322469306919595,0.009614728946471189,0.010294733044733044,6.1875,12,2.1365494962672873
synthetic_comparison,ER_n1000_p0.01,synthetic,erdos_renyi,2,targeted_betweenness,targeted,betweenness,0.25,250,0.749,749,4.115969242412343,7,0.2596687562249374,0.008401792382374906,0.009872919672919672,5.482666666666667,12,1.9970894377123478
synthetic_comparison,ER_n1000_p0.01,synthetic,erdos_renyi,2,targeted_betweenness,targeted,betweenness,0.30000000000000004,300,0.699,699,4.391418768523187,8,0.24451641314527153,0.007841087297438577,0.009266233766233766,4.817142857142857,11,1.8641713155924138
synthetic_comparison,ER_n1000_p0.01,synthetic,erdos_renyi,2,targeted_betweenness,targeted,betweenness,0.35000000000000003,350,0.648,648,4.743488465281356,9,0.2272344736237027,0.00835034329189089,0.00916971916971917,4.212307692307692,9,1.7465136870839568
synthetic_comparison,ER_n1000_p0.01,synthetic,erdos_renyi,2,targeted_betweenness,targeted,betweenness,0.4,400,0.589,589,5.110962891098715,10,0.20611127010567526,0.00951625693893735,0.009148148148148148,3.69,9,1.638261273423748
synthetic_comparison,ER_n1000_p0.01,synthetic,erdos_renyi,2,targeted_betweenness,targeted,betweenness,0.45,450,0.531,531,5.757580925985147,12,0.17930595955492457,0.00984009840098401,0.010303030303030303,3.130909090909091,9,1.4823657660856884
synthetic_comparison,ER_n1000_p0.01,synthetic,erdos_renyi,2,targeted_betweenness,targeted,betweenness,0.5,500,0.474,474,6.494812713535116,16,0.15619049301842589,0.0108499095840868,0.0092,2.72,8,1.3991425945914162
synthetic_comparison,ER_n1000_p0.01,synthetic,erdos_renyi,2,targeted_betweenness,targeted,betweenness,0.55,550,0.406,406,7.718336070060208,18,0.12283954207010286,0.014326647564469915,0.009333333333333334,2.2933333333333334,6,1.2989568464305845
synthetic_comparison,ER_n1000_p0.01,synthetic,erdos_renyi,2,targeted_betweenness,targeted,betweenness,0.6000000000000001,600,0.326,326,10.51905615856536,27,0.07958755623349043,0.014975041597337771,0.0075,1.86,6,1.1854956769216833
synthetic_comparison,ER_n1000_p0.01,synthetic,erdos_renyi,2,targeted_betweenness,targeted,betweenness,0.65,650,0.194,194,12.405907804070296,28,0.036643862251565455,0.008771929824561403,0.004285714285714286,1.497142857142857,6,1.0999962894186024
synthetic_comparison,ER_n1000_p0.01,synthetic,erdos_renyi,2,targeted_betweenness,targeted,betweenness,0.7000000000000001,700,0.03,30,5.873563218390805,13,0.009527255291469366,0.017341040462427744,0.005555555555555555,1.16,5,0.983734381493975
synthetic_comparison,ER_n1000_p0.01,synthetic,erdos_renyi,2,targeted_betweenness,targeted,betweenness,0.75,750,0.018,18,4.509803921568627,11,0.0062081352828340704,0,0.0,0.864,4,0.8930307945418232
synthetic_comparison,ER_n1000_p0.01,synthetic,erdos_renyi,2,targeted_betweenness,targeted,betweenness,0.8,800,0.007,7,2.6666666666666665,6,0.0040963149078726965,0,0.0,0.59,3,0.7495998932764065
synthetic_comparison,ER_n1000_p0.01,synthetic,erdos_renyi,2,targeted_betweenness,targeted,betweenness,0.8500000000000001,850,0.005,5,2.0,4,0.003407904548844147,0,0.0,0.4,3,0.6429100507328637
synthetic_comparison,ER_n1000_p0.01,synthetic,erdos_renyi,2,targeted_betweenness,targeted,betweenness,0.9,900,0.003,3,1.3333333333333333,2,0.0024242424242424242,0,0.0,0.22,2,0.46
synthetic_comparison,ER_n1000_p0.01,synthetic,erdos_renyi,2,targeted_betweenness,targeted,betweenness,0.9500000000000001,950,0.001,1,0.0,0,0.0,0,0.0,0.0,0,0.0
synthetic_comparison,ER_n1000_p0.01,synthetic,erdos_renyi,2,targeted_betweenness,targeted,betweenness,1.0,1000,0.0,0,0.0,0,0.0,0.0,0.0,0.0,0,0.0
synthetic_comparison,WS_n1000_k10_p0.1,synthetic,watts_strogatz,0,random_failures,random,,0.0,0,1.0,1000,4.490462462462462,7,0.24166265789768884,0.4896612406511219,0.49869043179043177,10.0,13,0.9591663046625439
synthetic_comparison,WS_n1000_k10_p0.1,synthetic,watts_strogatz,0,random_failures,random,,0.05,50,0.95,950,4.5809328378903,8,0.23760766510710313,0.48999309868875085,0.49966144966144965,9.517894736842106,13,1.1365672182283135
synthetic_comparison,WS_n1000_k10_p0.1,synthetic,watts_strogatz,0,random_failures,random,,0.1,100,0.9,900,4.678383388950686,8,0.23333010811613836,0.4889569999098531,0.4986935286935287,9.017777777777777,13,1.2848326979526927
synthetic_comparison,WS_n1000_k10_p0.1,synthetic,watts_strogatz,0,random_failures,random,,0.15000000000000002,150,0.85,850,4.829956350031178,9,0.22711596550697938,0.48783997697510434,0.5001778482954954,8.48470588235294,13,1.3772526687194364
synthetic_comparison,WS_n1000_k10_p0.1,synthetic,watts_strogatz,0,random_failures,random,,0.2,200,0.8,800,4.986861702127659,9,0.2209627957564069,0.49063054485653695,0.5041292388167389,7.97,12,1.4888250400903391
synthetic_comparison,WS_n1000_k10_p0.1,synthetic,watts_strogatz,0,random_failures,random,,0.25,250,0.75,750,5.146990654205608,10,0.2155304031473396,0.48883439423979963,0.501458682058682,7.490666666666667,12,1.5779457813527336
synthetic_comparison,WS_n1000_k10_p0.1,synthetic,watts_strogatz,0,random_failures,random,,0.30000000000000004,300,0.7,700,5.336550173717556,10,0.2090100386358965,0.4951678535096643,0.5047139764996909,7.014285714285714,12,1.6586815516535771
synthetic_comparison,WS_n1000_k10_p0.1,synthetic,watts_strogatz,0,random_failures,random,,0.35000000000000003,350,0.65,650,5.488277823871044,10,0.20431002895360734,0.4867469879518072,0.49448740148740145,6.48,12,1.6725107795444272
synthetic_comparison,WS_n1000_k10_p0.1,synthetic,watts_strogatz,0,random_failures,random,,0.4,400,0.6,600,5.798914858096828,13,0.19534815444189133,0.487211093990755,0.4936639009139009,5.963333333333333,11,1.6887832569305303
synthetic_comparison,WS_n1000_k10_p0.1,synthetic,watts_strogatz,0,random_failures,random,,0.45,450,0.55,550,6.0670044709388975,15,0.18848342219084127,0.47741065407956845,0.4825438803620622,5.4363636363636365,11,1.6869944911656174
synthetic_comparison,WS_n1000_k10_p0.1,synthetic,watts_strogatz,0,random_failures,random,,0.5,500,0.498,498,6.34715118017341,14,0.1808509614631777,0.47627264883520276,0.47824603174603175,5.036,10,1.6895869317676437
synthetic_comparison,WS_n1000_k10_p0.1,synthetic,watts_strogatz,0,random_failures,random,,0.55,550,0.448,448,7.014751118568233,21,0.16842376879638904,0.4842413327330031,0.4754938271604938,4.64,10,1.688970758249598
synthetic_comparison,WS_n1000_k10_p0.1,synthetic,watts_strogatz,0,random_failures,random,,0.6000000000000001,600,0.397,397,7.6548227870646,21,0.15636838599718378,0.4888329663416169,0.4667559523809524,4.175,8,1.6246153390879947
synthetic_comparison,WS_n1000_k10_p0.1,synthetic,watts_strogatz,0,random_failures,random,,0.65,650,0.32,320,8.66007053291536,23,0.12430192583797213,0.4847101780009128,0.4488843537414966,3.6857142857142855,8,1.6190196076008216
synthetic_comparison,WS_n1000_k10_p0.1,synthetic,watts_strogatz,0,random_failures,random,,0.7000000000000001,700,0.235,235,9.205164575377342,24,0.09030074758286924,0.4851258581235698,0.42214285714285715,3.1,7,1.493318452306808
synthetic_comparison,WS_n1000_k10_p0.1,synthetic,watts_strogatz,0,random_failures,random,,0.75,750,0.177,177,12.609527478171547,35,0.06562952922333895,0.4609271523178808,0.37560000000000004,2.624,6,1.3336506289129848
synthetic_comparison,WS_n1000_k10_p0.1,synthetic,watts_strogatz,0,random_failures,random,,0.8,800,0.09,90,9.59151061173533,24,0.041194262196850115,0.4794520547945205,0.2985,2.16,6,1.3690872872099864
synthetic_comparison,WS_n1000_k10_p0.1,synthetic,watts_strogatz,0,random_failures,random,,0.8500000000000001,850,0.052,52,8.164404223227752,22,0.033326914406589095,0.43457943925233644,0.242,1.7466666666666666,5,1.244650776545596
synthetic_comparison,WS_n1000_k10_p0.1,synthetic,watts_strogatz,0,random_failures,random,,0.9,900,0.009,9,2.5277777777777777,5,0.015414141414141417,0.4528301886792453,0.14333333333333334,1.1,4,0.9746794344808966
synthetic_comparison,WS_n1000_k10_p0.1,synthetic,watts_strogatz,0,random_failures,random,,0.9500000000000001,950,0.004,4,1.1666666666666667,2,0.02040816326530612,0.7142857142857143,0.18,0.92,3,0.9558242516278818
synthetic_comparison,WS_n1000_k10_p0.1,synthetic,watts_strogatz,0,random_failures,random,,1.0,1000,0.0,0,0.0,0,0.0,0.0,0.0,0.0,0,0.0
synthetic_comparison,WS_n1000_k10_p0.1,synthetic,watts_strogatz,0,targeted_degree,targeted,degree,0.0,0,1.0,1000,4.490462462462462,7,0.24166265789768884,0.4896612406511219,0.49869043179043177,10.0,13,0.9591663046625439
synthetic_comparison,WS_n1000_k10_p0.1,synthetic,watts_strogatz,0,targeted_degree,targeted,degree,0.05,50,0.95,950,4.872586101713715,9,0.22468072886897872,0.5087187466466359,0.5131567555251766,9.301052631578948,12,1.1257273425929992
synthetic_comparison,WS_n1000_k10_p0.1,synthetic,watts_strogatz,0,targeted_degree,targeted,degree,0.1,100,0.9,900,5.169002595476456,9,0.21363828710361663,0.5173661819798082,0.5198968253968254,8.746666666666666,11,1.4960095068028294
synthetic_comparison,WS_n1000_k10_p0.1,synthetic,watts_strogatz,0,targeted_degree,targeted,degree,0.15000000000000002,150,0.85,850,5.615985588581722,12,0.20000378951591616,0.5256932029972233,0.5309904931669638,8.197647058823529,11,1.6903864139224802
synthetic_comparison,WS_n1000_k10_p0.1,synthetic,watts_strogatz,0,targeted_degree,targeted,degree,0.2,200,0.8,800,6.16720901126408,13,0.18413227312907401,0.5374384702764105,0.5390566378066378,7.5875,11,1.6844416730774623
synthetic_comparison,WS_n1000_k10_p0.1,synthetic,watts_strogatz,0,targeted_degree,targeted,degree,0.25,250,0.75,750,7.318262572318647,14,0.15919283092387676,0.5514827776754466,0.5521477633477634,6.933333333333334,11,1.5146690140826882
synthetic_comparison,WS_n1000_k10_p0.1,synthetic,watts_strogatz,0,targeted_degree,targeted,degree,0.30000000000000004,300,0.692,692,8.044645023129753,20,0.1455207866365389,0.557541100786276,0.5487857142857142,6.597142857142857,10,1.7453588602406118
synthetic_comparison,WS_n1000_k10_p0.1,synthetic,watts_strogatz,0,targeted_degree,targeted,degree,0.35000000000000003,350,0.627,627,8.315646799251978,20,0.13665609767419354,0.5627428756476683,0.5422100122100122,6.356923076923077,10,1.9881161729536239
synthetic_comparison,WS_n1000_k10_p0.1,synthetic,watts_strogatz,0,targeted_degree,targeted,degree,0.4,400,0.563,563,8.747937776148367,23,0.12630116972418332,0.5685900925421884,0.5376230158730159,6.18,10,2.1743044864967738
synthetic_comparison,WS_n1000_k10_p0.1,synthetic,watts_strogatz,0,targeted_degree,targeted,degree,0.45,450,0.504,504,8.906410741897819,23,0.12063644649647248,0.567490191920263,0.5197359307359307,5.865454545454545,10,2.3992588387263702
synthetic_comparison,WS_n1000_k10_p0.1,synthetic,watts_strogatz,0,targeted_degree,targeted,degree,0.5,500,0.446,446,10.13078047060009,28,0.10607477686178052,0.5699047619047619,0.4919349206349206,5.504,10,2.5903636810301367
synthetic_comparison,WS_n1000_k10_p0.1,synthetic,watts_strogatz,0,targeted_degree,targeted,degree,0.55,550,0.372,372,9.810799060951222,25,0.09617394890428453,0.566721044045677,0.4705432098765432,5.013333333333334,10,2.669132193554052
synthetic_comparison,WS_n1000_k10_p0.1,synthetic,watts_strogatz,0,targeted_degree,targeted,degree,0.6000000000000001,600,0.28,280,11.052713773681516,32,0.07064269872945218,0.5608288770053476,0.44926587301587306,4.445,10,2.6696394887699726
synthetic_comparison,WS_n1000_k10_p0.1,synthetic,watts_strogatz,0,targeted_degree,targeted,degree,0.65,650,0.207,207,12.009474227287651,37,0.05379704409572185,0.544904137235116,0.4086848072562358,3.782857142857143,10,2.5419324161281835
synthetic_comparison,WS_n1000_k10_p0.1,synthetic,watts_strogatz,0,targeted_degree,targeted,degree,0.7000000000000001,700,0.09,90,9.90661672908864,26,0.02589201468112453,0.46956521739130436,0.3489047619047619,2.6333333333333333,8,1.6121069719124999
synthetic_comparison,WS_n1000_k10_p0.1,synthetic,watts_strogatz,0,targeted_degree,targeted,degree,0.75,750,0.033,33,5.5397727272727275,14,0.017823052315823432,0.4226190476190476,0.3068,2.168,6,1.2246534203602257
synthetic_comparison,WS_n1000_k10_p0.1,synthetic,watts_strogatz,0,targeted_degree,targeted,degree,0.8,800,0.025,25,5.7,16,0.018245582795205946,0.39090909090909093,0.25683333333333336,1.97,5,1.1786008654332476
synthetic_comparison,WS_n1000_k10_p0.1,synthetic,watts_strogatz,0,targeted_degree,targeted,degree,0.8500000000000001,850,0.025,25,5.7,16,0.02130597230261656,0.4492753623188406,0.26155555555555554,1.76,5,1.192644121270046
synthetic_comparison,WS_n1000_k10_p0.1,synthetic,watts_strogatz,0,targeted_degree,targeted,degree,0.9,900,0.025,25,5.7,16,0.029291765753886898,0.38181818181818183,0.159,1.42,5,1.2663332894621384
synthetic_comparison,WS_n1000_k10_p0.1,synthetic,watts_strogatz,0,targeted_degree,targeted,degree,0.9500000000000001,950,0.005,5,1.6,3,0.010476190476190477,0.375,0.03333333333333333,0.4,3,0.7483314773547883
synthetic_comparison,WS_n1000_k10_p0.1,synthetic,watts_strogatz,0,targeted_degree,targeted,degree,1.0,1000,0.0,0,0.0,0,0.0,0.0,0.0,0.0,0,0.0
synthetic_comparison,WS_n1000_k10_p0.1,synthetic,watts_strogatz,0,targeted_betweenness,targeted,betweenness,0.0,0,1.0,1000,4.490462462462462,7,0.24166265789768884,0.4896612406511219,0.49869043179043177,10.0,13,0.9591663046625439
synthetic_comparison,WS_n1000_k10_p0.1,synthetic,watts_strogatz,0,targeted_betweenness,targeted,betweenness,0.05,50,0.95,950,4.935792801286673,9,0.22240524035836678,0.5179850431851696,0.523920751762857,9.383157894736842,13,1.1353323308111338
synthetic_comparison,WS_n1000_k10_p0.1,synthetic,watts_strogatz,0,targeted_betweenness,targeted,betweenness,0.1,100,0.9,900,5.3276826103077495,9,0.2083709638187214,0.534316026664163,0.5394961149961149,8.844444444444445,13,1.27550522548789
synthetic_comparison,WS_n1000_k10_p0.1,synthetic,watts_strogatz,0,targeted_betweenness,targeted,betweenness,0.15000000000000002,150,0.85,850,5.753753204461997,10,0.19503326701697535,0.5517241379310345,0.5578524743230626,8.352941176470589,11,1.3547813572497804
synthetic_comparison,WS_n1000_k10_p0.1,synthetic,watts_strogatz,0,targeted_betweenness,targeted,betweenness,0.2,200,0.8,800,6.417021276595745,12,0.17813252981685954,0.5684167757663311,0.5743492063492064,7.825,11,1.4042346669983619
synthetic_comparison,WS_n1000_k10_p0.1,synthetic,watts_strogatz,0,targeted_betweenness,targeted,betweenness,0.25,250,0.75,750,7.225121495327103,15,0.16164630401954977,0.5837482900136799,0.588216354016354,7.349333333333333,11,1.4387377183566927
synthetic_comparison,WS_n1000_k10_p0.1,synthetic,watts_strogatz,0,targeted_betweenness,targeted,betweenness,0.30000000000000004,300,0.7,700,8.101855712241978,18,0.14752667441988437,0.5978958512538873,0.5988887858173572,6.917142857142857,11,1.5000925141538466
synthetic_comparison,WS_n1000_k10_p0.1,synthetic,watts_strogatz,0,targeted_betweenness,targeted,betweenness,0.35000000000000003,350,0.65,650,9.759857769349296,26,0.12925968136639224,0.608513779527559,0.6121709401709402,6.455384615384616,10,1.5156649486896472
synthetic_comparison,WS_n1000_k10_p0.1,synthetic,watts_strogatz,0,targeted_betweenness,targeted,betweenness,0.4,400,0.6,600,10.877367835281024,28,0.1194450005532481,0.6137132315260838,0.6120542328042328,6.013333333333334,10,1.541586484401342
synthetic_comparison,WS_n1000_k10_p0.1,synthetic,watts_strogatz,0,targeted_betweenness,targeted,betweenness,0.45,450,0.543,543,14.528416002392069,44,0.0977038509035296,0.6188465091724957,0.6143780663780664,5.530909090909091,9,1.5788226600019197
synthetic_comparison,WS_n1000_k10_p0.1,synthetic,watts_strogatz,0,targeted_betweenness,targeted,betweenness,0.5,500,0.43,430,16.940163712256737,47,0.07280981486694925,0.6261766835626358,0.614020634920635,4.98,9,1.5085091978506462
synthetic_comparison,WS_n1000_k10_p0.1,synthetic,watts_strogatz,0,targeted_betweenness,targeted,betweenness,0.55,550,0.293,293,23.379727897517416,55,0.044209005922197016,0.6292934249263984,0.6055661375661375,4.515555555555555,8,1.4969532844422597
synthetic_comparison,WS_n1000_k10_p0.1,synthetic,watts_strogatz,0,targeted_betweenness,targeted,betweenness,0.6000000000000001,600,0.064,64,11.79861111111111,34,0.022213333189844482,0.6458112407211029,0.6148928571428571,3.995,8,1.4764738399307995
synthetic_comparison,WS_n1000_k10_p0.1,synthetic,watts_strogatz,0,targeted_betweenness,targeted,betweenness,0.65,650,0.043,43,7.937984496124031,22,0.020021682221478276,0.65625,0.5928571428571429,3.6342857142857143,7,1.5205154872406843
synthetic_comparison,WS_n1000_k10_p0.1,synthetic,watts_strogatz,0,targeted_betweenness,targeted,betweenness,0.7000000000000001,700,0.032,32,6.754032258064516,19,0.019742476191105217,0.6619897959183674,0.5511269841269841,3.36,7,1.5886262409180245
synthetic_comparison,WS_n1000_k10_p0.1,synthetic,watts_strogatz,0,targeted_betweenness,targeted,betweenness,0.75,750,0.017,17,4.397058823529412,11,0.01943103438284165,0.6461988304093568,0.5119428571428571,2.96,7,1.5512575543732252
synthetic_comparison,WS_n1000_k10_p0.1,synthetic,watts_strogatz,0,targeted_betweenness,targeted,betweenness,0.8,800,0.012,12,3.227272727272727,8,0.018126286192869136,0.6609294320137694,0.48700000000000004,2.46,6,1.4894294209528693
synthetic_comparison,WS_n1000_k10_p0.1,synthetic,watts_strogatz,0,targeted_betweenness,targeted,betweenness,0.8500000000000001,850,0.012,12,2.6818181818181817,6,0.017545115585384012,0.6101694915254238,0.37,1.8533333333333333,5,1.2510617712789227
synthetic_comparison,WS_n1000_k10_p0.1,synthetic,watts_strogatz,0,targeted_betweenness,targeted,betweenness,0.9,900,0.005,5,1.2,2,0.014983164983164984,0.6428571428571429,0.25666666666666665,1.26,4,1.0355674772799695
synthetic_comparison,WS_n1000_k10_p0.1,synthetic,watts_strogatz,0,targeted_betweenness,targeted,betweenness,0.9500000000000001,950,0.004,4,1.3333333333333333,2,0.012244897959183673,0.75,0.10666666666666666,0.56,3,0.7525955088890712
synthetic_comparison,WS_n1000_k10_p0.1,synthetic,watts_strogatz,0,targeted_betweenness,targeted,betweenness,1.0,1000,0.0,0,0.0,0,0.0,0.0,0.0,0.0,0,0.0
synthetic_comparison,WS_n1000_k10_p0.1,synthetic,watts_strogatz,1,random_failures,random,,0.0,0,1.0,1000,4.4378338338338335,7,0.24411022927875753,0.4810605227867303,0.4890441280941281,10.0,14,0.9869143833180262
synthetic_comparison,WS_n1000_k10_p0.1,synthetic,watts_strogatz,1,random_failures,random,,0.05,50,0.95,950,4.5342754145638065,7,0.23959786716655257,0.4802898699696767,0.4878249411407306,9.48842105263158,14,1.1757965414667657
synthetic_comparison,WS_n1000_k10_p0.1,synthetic,watts_strogatz,1,random_failures,random,,0.1,100,0.9,900,4.5979384501297735,8,0.23675996256942766,0.4758446858308828,0.4828541335208002,9.022222222222222,14,1.2959576277176295
synthetic_comparison,WS_n1000_k10_p0.1,synthetic,watts_strogatz,1,random_failures,random,,0.15000000000000002,150,0.85,850,4.696869673664519,8,0.23242717251824285,0.47429264637670815,0.4812275436981319,8.527058823529412,13,1.32748220196724
synthetic_comparison,WS_n1000_k10_p0.1,synthetic,watts_strogatz,1,random_failures,random,,0.2,200,0.8,800,4.865963704630788,8,0.22544174265433148,0.47995871322896955,0.4867433261183261,8.0125,12,1.39367993097411
synthetic_comparison,WS_n1000_k10_p0.1,synthetic,watts_strogatz,1,random_failures,random,,0.25,250,0.75,750,4.9665972407654655,9,0.2215722070340622,0.4723444374607165,0.47916219336219334,7.506666666666667,12,1.4382705664172588
synthetic_comparison,WS_n1000_k10_p0.1,synthetic,watts_strogatz,1,random_failures,random,,0.30000000000000004,300,0.7,700,5.116108726752503,9,0.2159520305972776,0.46515713449150886,0.4713382807668522,6.985714285714286,11,1.448081066622378
synthetic_comparison,WS_n1000_k10_p0.1,synthetic,watts_strogatz,1,random_failures,random,,0.35000000000000003,350,0.65,650,5.320194381889297,10,0.2090263728733786,0.46329113924050636,0.46949206349206346,6.473846153846154,10,1.496691420133286
synthetic_comparison,WS_n1000_k10_p0.1,synthetic,watts_strogatz,1,random_failures,random,,0.4,400,0.6,600,5.621430161380078,10,0.19983454787904115,0.46648301193755737,0.46870767195767193,6.013333333333334,10,1.588444382266989
synthetic_comparison,WS_n1000_k10_p0.1,synthetic,watts_strogatz,1,random_failures,random,,0.45,450,0.55,550,6.0333300215267425,12,0.18884931518912104,0.4673507462686567,0.4764689754689755,5.505454545454546,10,1.5756578056993076
synthetic_comparison,WS_n1000_k10_p0.1,synthetic,watts_strogatz,1,random_failures,random,,0.5,500,0.5,500,6.540080160320641,13,0.17652734686805005,0.4635169646114557,0.47729047619047615,4.96,9,1.512084653714864
synthetic_comparison,WS_n1000_k10_p0.1,synthetic,watts_strogatz,1,random_failures,random,,0.55,550,0.447,447,7.154502864136596,16,0.16214336530975562,0.4654777070063694,0.46570546737213403,4.435555555555555,9,1.4852093837504012
synthetic_comparison,WS_n1000_k10_p0.1,synthetic,watts_strogatz,1,random_failures,random,,0.6000000000000001,600,0.396,396,8.182393555811277,17,0.14486722004772243,0.462875769648678,0.4349821428571428,3.93,8,1.5133076356114774
synthetic_comparison,WS_n1000_k10_p0.1,synthetic,watts_strogatz,1,random_failures,random,,0.65,650,0.342,342,9.738900036013789,27,0.12494209515048905,0.4683333333333333,0.40870748299319726,3.422857142857143,7,1.4116020714646411
synthetic_comparison,WS_n1000_k10_p0.1,synthetic,watts_strogatz,1,random_failures,random,,0.7000000000000001,700,0.23,230,11.924890829694323,32,0.07229531156495081,0.4657142857142857,0.36677777777777776,2.8466666666666667,6,1.3202861642672605
synthetic_comparison,WS_n1000_k10_p0.1,synthetic,watts_strogatz,1,random_failures,random,,0.75,750,0.088,88,9.815830721003135,24,0.030473953682870425,0.4867549668874172,0.3524,2.36,6,1.2737346662472526
synthetic_comparison,WS_n1000_k10_p0.1,synthetic,watts_strogatz,1,random_failures,random,,0.8,800,0.022,22,4.32034632034632,9,0.015915709499880387,0.5287769784172662,0.33083333333333337,1.86,5,1.0864621484432855
synthetic_comparison,WS_n1000_k10_p0.1,synthetic,watts_strogatz,1,random_failures,random,,0.8500000000000001,850,0.011,11,3.709090909090909,9,0.015457796243031124,0.4632352941176471,0.21444444444444444,1.5466666666666666,4,0.9837795597704915
synthetic_comparison,WS_n1000_k10_p0.1,synthetic,watts_strogatz,1,random_failures,random,,0.9,900,0.005,5,1.4,2,0.012087542087542086,0.4864864864864865,0.15666666666666665,1.02,4,0.84829240241794
synthetic_comparison,WS_n1000_k10_p0.1,synthetic,watts_strogatz,1,random_failures,random,,0.9500000000000001,950,0.003,3,1.3333333333333333,2,0.008571428571428572,0,0.0,0.4,2,0.5291502622129182
synthetic_comparison,WS_n1000_k10_p0.1,synthetic,watts_strogatz,1,random_failures,random,,1.0,1000,0.0,0,0.0,0,0.0,0.0,0.0,0.0,0,0.0
synthetic_comparison,WS_n1000_k10_p0.1,synthetic,watts_strogatz,1,targeted_degree,targeted,degree,0.0,0,1.0,1000,4.4378338338338335,7,0.24411022927875753,0.4810605227867303,0.4890441280941281,10.0,14,0.9869143833180262
synthetic_comparison,WS_n1000_k10_p0.1,synthetic,watts_strogatz,1,targeted_degree,targeted,degree,0.05,50,0.95,950,4.807271920581221,8,0.22730147550214594,0.49944775194633767,0.5038684590263538,9.28,12,1.145021259283218
synthetic_comparison,WS_n1000_k10_p0.1,synthetic,watts_strogatz,1,targeted_degree,targeted,degree,0.1,100,0.9,900,5.086693857372389,9,0.2166283397390104,0.5065657049745999,0.5107353695687029,8.724444444444444,11,1.47032204417272
synthetic_comparison,WS_n1000_k10_p0.1,synthetic,watts_strogatz,1,targeted_degree,targeted,degree,0.15000000000000002,150,0.85,850,5.449808078708515,11,0.204392293334492,0.5119335869941197,0.5166527459468636,8.16,11,1.6719977483801332
synthetic_comparison,WS_n1000_k10_p0.1,synthetic,watts_strogatz,1,targeted_degree,targeted,degree,0.2,200,0.8,800,5.872622027534418,12,0.19182959534517258,0.5151786556047893,0.5161356421356421,7.58,11,1.7772450590731714
synthetic_comparison,WS_n1000_k10_p0.1,synthetic,watts_strogatz,1,targeted_degree,targeted,degree,0.25,250,0.75,750,6.763385847797062,13,0.16972901989922132,0.5268724634116345,0.5219968253968253,6.896,11,1.6451496385840814
synthetic_comparison,WS_n1000_k10_p0.1,synthetic,watts_strogatz,1,targeted_degree,targeted,degree,0.30000000000000004,300,0.7,700,7.672622113222972,16,0.1533330881878371,0.5344510794671566,0.5279954648526077,6.411428571428571,10,1.6201889534551084
synthetic_comparison,WS_n1000_k10_p0.1,synthetic,watts_strogatz,1,targeted_degree,targeted,degree,0.35000000000000003,350,0.626,626,7.751989776357828,18,0.14285995609070545,0.5350433216093334,0.5187130647130648,6.230769230769231,10,1.8099658370701217
synthetic_comparison,WS_n1000_k10_p0.1,synthetic,watts_strogatz,1,targeted_degree,targeted,degree,0.4,400,0.557,557,7.7130503855443475,18,0.13510598942477098,0.5352193995381063,0.5019722222222223,6.03,10,2.075837180512961
synthetic_comparison,WS_n1000_k10_p0.1,synthetic,watts_strogatz,1,targeted_degree,targeted,degree,0.45,450,0.478,478,8.227599273703323,22,0.11673533482684058,0.5382603752131893,0.4890245310245311,5.701818181818182,10,2.274402291839323
synthetic_comparison,WS_n1000_k10_p0.1,synthetic,watts_strogatz,1,targeted_degree,targeted,degree,0.5,500,0.426,426,9.342645677989506,27,0.10442932330200934,0.5373571229439643,0.4658333333333333,5.3,10,2.430226326908669
synthetic_comparison,WS_n1000_k10_p0.1,synthetic,watts_strogatz,1,targeted_degree,targeted,degree,0.55,550,0.355,355,9.82856688151508,29,0.08981758931346037,0.5400305966343703,0.4509541446208113,4.9511111111111115,10,2.565984517336353
synthetic_comparison,WS_n1000_k10_p0.1,synthetic,watts_strogatz,1,targeted_degree,targeted,degree,0.6000000000000001,600,0.258,258,8.208548246010919,21,0.07257751698275385,0.5374119718309859,0.409984126984127,4.44,10,2.7288092641296866
synthetic_comparison,WS_n1000_k10_p0.1,synthetic,watts_strogatz,1,targeted_degree,targeted,degree,0.65,650,0.179,179,8.33155483020526,21,0.05139062406038111,0.5328685258964143,0.36139909297052153,3.72,10,2.6632740323572732
synthetic_comparison,WS_n1000_k10_p0.1,synthetic,watts_strogatz,1,targeted_degree,targeted,degree,0.7000000000000001,700,0.059,59,5.502630040911748,14,0.021395197518943226,0.5145554681353265,0.3014074074074074,2.7,9,1.970617500514327
synthetic_comparison,WS_n1000_k10_p0.1,synthetic,watts_strogatz,1,targeted_degree,targeted,degree,0.75,750,0.019,19,4.1988304093567255,11,0.01429398981206219,0.3740831295843521,0.21026666666666666,1.944,6,1.1986926211502262
synthetic_comparison,WS_n1000_k10_p0.1,synthetic,watts_strogatz,1,targeted_degree,targeted,degree,0.8,800,0.019,19,4.1988304093567255,11,0.017921294785616458,0.37168141592920356,0.2003333333333333,1.92,6,1.2742056348957178
synthetic_comparison,WS_n1000_k10_p0.1,synthetic,watts_strogatz,1,targeted_degree,targeted,degree,0.8500000000000001,850,0.013,13,2.5256410256410255,5,0.01792617449664426,0.35195530726256985,0.15444444444444444,1.5733333333333333,5,1.2184507467362897
synthetic_comparison,WS_n1000_k10_p0.1,synthetic,watts_strogatz,1,targeted_degree,targeted,degree,0.9,900,0.013,13,2.5256410256410255,5,0.02454040404040405,0.4067796610169492,0.12166666666666666,1.32,5,1.391977011304425
synthetic_comparison,WS_n1000_k10_p0.1,synthetic,watts_strogatz,1,targeted_degree,targeted,degree,0.9500000000000001,950,0.004,4,1.5,2,0.007755102040816327,0,0.0,0.32,3,0.5810335618533581
synthetic_comparison,WS_n1000_k10_p0.1,synthetic,watts_strogatz,1,targeted_degree,targeted,degree,1.0,1000,0.0,0,0.0,0,0.0,0.0,0.0,0.0,0,0.0
synthetic_comparison,WS_n1000_k10_p0.1,synthetic,watts_strogatz,1,targeted_betweenness,targeted,betweenness,0.0,0,1.0,1000,4.4378338338338335,7,0.24411022927875753,0.4810605227867303,0.4890441280941281,10.0,14,0.9869143833180262
synthetic_comparison,WS_n1000_k10_p0.1,synthetic,watts_strogatz,1,targeted_betweenness,targeted,betweenness,0.05,50,0.95,950,4.877954633686429,8,0.22482305341943754,0.5086340987582716,0.5143842181210603,9.381052631578948,12,1.1097932227356215
synthetic_comparison,WS_n1000_k10_p0.1,synthetic,watts_strogatz,1,targeted_betweenness,targeted,betweenness,0.1,100,0.9,900,5.23743418613274,9,0.21124853796044182,0.5239433950344304,0.527108305274972,8.817777777777778,12,1.1898251764932881
synthetic_comparison,WS_n1000_k10_p0.1,synthetic,watts_strogatz,1,targeted_betweenness,targeted,betweenness,0.15000000000000002,150,0.85,850,5.596424859696529,10,0.1993993933655144,0.537699463056795,0.5401358119005177,8.294117647058824,12,1.3143867226761707
synthetic_comparison,WS_n1000_k10_p0.1,synthetic,watts_strogatz,1,targeted_betweenness,targeted,betweenness,0.2,200,0.8,800,6.176345431789737,12,0.1838255825053694,0.5539853278725415,0.5538285533910534,7.8225,12,1.4759721372708903
synthetic_comparison,WS_n1000_k10_p0.1,synthetic,watts_strogatz,1,targeted_betweenness,targeted,betweenness,0.25,250,0.75,750,6.856227859368047,13,0.1687312811300437,0.5659407472916206,0.5644872534872535,7.306666666666667,12,1.4712655172409304
synthetic_comparison,WS_n1000_k10_p0.1,synthetic,watts_strogatz,1,targeted_betweenness,targeted,betweenness,0.30000000000000004,300,0.7,700,7.555565092989986,15,0.15565449862214625,0.5766403484889736,0.5759894867037724,6.825714285714286,11,1.487441303935406
synthetic_comparison,WS_n1000_k10_p0.1,synthetic,watts_strogatz,1,targeted_betweenness,targeted,betweenness,0.35000000000000003,350,0.65,650,8.184112836316226,16,0.14615226974005624,0.582457627118644,0.580014652014652,6.363076923076923,10,1.477166646582283
synthetic_comparison,WS_n1000_k10_p0.1,synthetic,watts_strogatz,1,targeted_betweenness,targeted,betweenness,0.4,400,0.6,600,9.395915414579855,21,0.1316222195290589,0.5953558374543109,0.5886970899470899,5.883333333333334,9,1.5087706548342226
synthetic_comparison,WS_n1000_k10_p0.1,synthetic,watts_strogatz,1,targeted_betweenness,targeted,betweenness,0.45,450,0.55,550,12.106699784732571,33,0.11223431527904063,0.6024827586206897,0.5930606060606061,5.414545454545454,9,1.568719012074175
synthetic_comparison,WS_n1000_k10_p0.1,synthetic,watts_strogatz,1,targeted_betweenness,targeted,betweenness,0.5,500,0.463,463,16.527942180209998,53,0.08205724365298381,0.6162221012520414,0.6078825396825397,4.96,9,1.549967741599805
synthetic_comparison,WS_n1000_k10_p0.1,synthetic,watts_strogatz,1,targeted_betweenness,targeted,betweenness,0.55,550,0.296,296,13.902244617498855,39,0.05488507947107569,0.616767922235723,0.624,4.511111111111111,8,1.5652081469280297
synthetic_comparison,WS_n1000_k10_p0.1,synthetic,watts_strogatz,1,targeted_betweenness,targeted,betweenness,0.6000000000000001,600,0.132,132,13.316909553550776,36,0.031215118048061125,0.6335207308503162,0.6151071428571429,4.01,8,1.4696598245852677
synthetic_comparison,WS_n1000_k10_p0.1,synthetic,watts_strogatz,1,targeted_betweenness,targeted,betweenness,0.65,650,0.036,36,5.1380952380952385,15,0.020328511389573426,0.6534031413612565,0.6025578231292517,3.4971428571428573,7,1.4769632385957563
synthetic_comparison,WS_n1000_k10_p0.1,synthetic,watts_strogatz,1,targeted_betweenness,targeted,betweenness,0.7000000000000001,700,0.03,30,6.747126436781609,19,0.018604920328091967,0.6402586903799515,0.5507777777777777,3.04,6,1.4300582738709169
synthetic_comparison,WS_n1000_k10_p0.1,synthetic,watts_strogatz,1,targeted_betweenness,targeted,betweenness,0.75,750,0.016,16,2.7583333333333333,8,0.017277299674890088,0.6569086651053864,0.4745333333333333,2.688,6,1.514812199581189
synthetic_comparison,WS_n1000_k10_p0.1,synthetic,watts_strogatz,1,targeted_betweenness,targeted,betweenness,0.8,800,0.016,16,2.7583333333333333,8,0.017499282124910302,0.642,0.4293333333333333,2.32,6,1.3919770113044252
synthetic_comparison,WS_n1000_k10_p0.1,synthetic,watts_strogatz,1,targeted_betweenness,targeted,betweenness,0.8500000000000001,850,0.012,12,1.9545454545454546,5,0.016207307979120057,0.6931407942238267,0.34688888888888886,1.8933333333333333,6,1.4149047867455802
synthetic_comparison,WS_n1000_k10_p0.1,synthetic,watts_strogatz,1,targeted_betweenness,targeted,betweenness,0.9,900,0.01,10,1.9777777777777779,5,0.016117845117845114,0.7128712871287128,0.20866666666666667,1.3,5,1.2767145334803705
synthetic_comparison,WS_n1000_k10_p0.1,synthetic,watts_strogatz,1,targeted_betweenness,targeted,betweenness,0.9500000000000001,950,0.005,5,1.2,2,0.014693877551020407,0.7894736842105263,0.08666666666666666,0.68,4,0.988736567544662
synthetic_comparison,WS_n1000_k10_p0.1,synthetic,watts_strogatz,1,targeted_betweenness,targeted,betweenness,1.0,1000,0.0,0,0.0,0,0.0,0.0,0.0,0.0,0,0.0
synthetic_comparison,WS_n1000_k10_p0.1,synthetic,watts_strogatz,2,random_failures,random,,0.0,0,1.0,1000,4.388722722722723,7,0.24656376853233272,0.4759266587521435,0.4842764735264735,10.0,15,0.985900603509299
synthetic_comparison,WS_n1000_k10_p0.1,synthetic,watts_strogatz,2,random_failures,random,,0.05,50,0.95,950,4.495901502967112,8,0.24142066441262458,0.4790745501285347,0.48582641919484026,9.490526315789474,14,1.1468101007587157
synthetic_comparison,WS_n1000_k10_p0.1,synthetic,watts_strogatz,2,random_failures,random,,0.1,100,0.9,900,4.601910765047584,8,0.23673454632209093,0.4770622768262422,0.48460606677273343,8.988888888888889,14,1.2744885200166853
synthetic_comparison,WS_n1000_k10_p0.1,synthetic,watts_strogatz,2,random_failures,random,,0.15000000000000002,150,0.85,850,4.763153883461512,8,0.22969456899395774,0.4834527710756599,0.49060927960927964,8.48,13,1.381457031330242
synthetic_comparison,WS_n1000_k10_p0.1,synthetic,watts_strogatz,2,random_failures,random,,0.2,200,0.8,800,4.919818523153943,9,0.2232549379679577,0.486730291541378,0.4943600011100011,7.9575,13,1.4153422730915657
synthetic_comparison,WS_n1000_k10_p0.1,synthetic,watts_strogatz,2,random_failures,random,,0.25,250,0.75,750,5.064494882064976,9,0.21780794286526572,0.4849059585901691,0.4926135346135346,7.48,13,1.4647866738880444
synthetic_comparison,WS_n1000_k10_p0.1,synthetic,watts_strogatz,2,random_failures,random,,0.30000000000000004,300,0.7,700,5.343740036787247,11,0.2083806556997167,0.4947996918335901,0.5002022977022976,7.002857142857143,13,1.5702567059079797
synthetic_comparison,WS_n1000_k10_p0.1,synthetic,watts_strogatz,2,random_failures,random,,0.35000000000000003,350,0.65,650,5.623809410928055,11,0.1998054014119862,0.48942079895433377,0.4952326220787759,6.461538461538462,13,1.540997909217601
synthetic_comparison,WS_n1000_k10_p0.1,synthetic,watts_strogatz,2,random_failures,random,,0.4,400,0.6,600,5.882075681691709,13,0.19249669294349264,0.48583509513742074,0.4898498075998076,5.916666666666667,12,1.5630276886720709
synthetic_comparison,WS_n1000_k10_p0.1,synthetic,watts_strogatz,2,random_failures,random,,0.45,450,0.549,549,6.217528884634305,14,0.1838426985421945,0.487615477306199,0.48921238357602,5.487272727272727,11,1.59283104684761
synthetic_comparison,WS_n1000_k10_p0.1,synthetic,watts_strogatz,2,random_failures,random,,0.5,500,0.497,497,6.801129356785877,19,0.16993829393389667,0.49302409856858126,0.5003777777777778,4.96,10,1.560256389187367
synthetic_comparison,WS_n1000_k10_p0.1,synthetic,watts_strogatz,2,random_failures,random,,0.55,550,0.444,444,7.07668842657556,15,0.1618394653272832,0.49518666353604135,0.5052292768959435,4.582222222222223,9,1.5856703999520048
synthetic_comparison,WS_n1000_k10_p0.1,synthetic,watts_strogatz,2,random_failures,random,,0.6000000000000001,600,0.389,389,8.265934328041768,18,0.13962051389076088,0.5139481457170988,0.4845059523809524,4.105,8,1.5776485666966518
synthetic_comparison,WS_n1000_k10_p0.1,synthetic,watts_strogatz,2,random_failures,random,,0.65,650,0.335,335,9.94558941817857,25,0.11992506409217923,0.5217391304347826,0.4816666666666667,3.645714285714286,8,1.6054092236903972
synthetic_comparison,WS_n1000_k10_p0.1,synthetic,watts_strogatz,2,random_failures,random,,0.7000000000000001,700,0.232,232,11.310046275563517,31,0.07971624726294997,0.5141643059490085,0.4304523809523809,3.1266666666666665,8,1.6625148286723808
synthetic_comparison,WS_n1000_k10_p0.1,synthetic,watts_strogatz,2,random_failures,random,,0.75,750,0.144,144,11.982226107226108,30,0.04933338753413992,0.5246478873239436,0.4127619047619048,2.64,8,1.5768322675541617
synthetic_comparison,WS_n1000_k10_p0.1,synthetic,watts_strogatz,2,random_failures,random,,0.8,800,0.052,52,9.12971342383107,27,0.023845247564405158,0.5284974093264249,0.34600000000000003,2.03,6,1.3300751858447701
synthetic_comparison,WS_n1000_k10_p0.1,synthetic,watts_strogatz,2,random_failures,random,,0.8500000000000001,850,0.023,23,5.4189723320158105,13,0.017547339560762362,0.5034965034965035,0.2833333333333333,1.52,4,1.056535217901735
synthetic_comparison,WS_n1000_k10_p0.1,synthetic,watts_strogatz,2,random_failures,random,,0.9,900,0.01,10,2.9555555555555557,6,0.012794612794612789,0.46875,0.14333333333333334,0.96,3,0.8236504112789599
synthetic_comparison,WS_n1000_k10_p0.1,synthetic,watts_strogatz,2,random_failures,random,,0.9500000000000001,950,0.004,4,1.6666666666666667,3,0.012108843537414964,0.5,0.06,0.52,2,0.6997142273814361
synthetic_comparison,WS_n1000_k10_p0.1,synthetic,watts_strogatz,2,random_failures,random,,1.0,1000,0.0,0,0.0,0,0.0,0.0,0.0,0.0,0,0.0
synthetic_comparison,WS_n1000_k10_p0.1,synthetic,watts_strogatz,2,targeted_degree,targeted,degree,0.0,0,1.0,1000,4.388722722722723,7,0.24656376853233272,0.4759266587521435,0.4842764735264735,10.0,15,0.985900603509299
synthetic_comparison,WS_n1000_k10_p0.1,synthetic,watts_strogatz,2,targeted_degree,targeted,degree,0.05,50,0.95,950,4.722934945371859,8,0.23091864804369872,0.49117084085946133,0.49637912964228753,9.27578947368421,12,1.1515404592817748
synthetic_comparison,WS_n1000_k10_p0.1,synthetic,watts_strogatz,2,targeted_degree,targeted,degree,0.1,100,0.9,900,5.011363243109628,9,0.2194910462933035,0.5007965842467499,0.5023465608465608,8.737777777777778,11,1.459876537989716
synthetic_comparison,WS_n1000_k10_p0.1,synthetic,watts_strogatz,2,targeted_degree,targeted,degree,0.15000000000000002,150,0.85,850,5.366496223931269,11,0.20723850785276043,0.5119137385009802,0.5107241320770732,8.216470588235294,11,1.7650760396100604
synthetic_comparison,WS_n1000_k10_p0.1,synthetic,watts_strogatz,2,targeted_degree,targeted,degree,0.2,200,0.8,800,5.807540675844806,11,0.19355989404108023,0.5217452104600755,0.5172741702741702,7.6075,11,1.8346508523422107
synthetic_comparison,WS_n1000_k10_p0.1,synthetic,watts_strogatz,2,targeted_degree,targeted,degree,0.25,250,0.75,750,6.570168224299065,12,0.17395410934271938,0.5291076923076923,0.5232576238576239,6.896,11,1.6353951612174145
synthetic_comparison,WS_n1000_k10_p0.1,synthetic,watts_strogatz,2,targeted_degree,targeted,degree,0.30000000000000004,300,0.698,698,7.095197181535274,15,0.1628006418038602,0.532279218886622,0.5213730158730159,6.537142857142857,10,1.7361839458644788
synthetic_comparison,WS_n1000_k10_p0.1,synthetic,watts_strogatz,2,targeted_degree,targeted,degree,0.35000000000000003,350,0.636,636,7.574278215223097,17,0.1500471402388146,0.5404493457328615,0.5088681318681318,6.313846153846153,10,1.9587968774481421
synthetic_comparison,WS_n1000_k10_p0.1,synthetic,watts_strogatz,2,targeted_degree,targeted,degree,0.4,400,0.575,575,8.227523102560218,19,0.13612366699008363,0.5458698134754473,0.49608201058201057,6.003333333333333,10,2.233828303359255
synthetic_comparison,WS_n1000_k10_p0.1,synthetic,watts_strogatz,2,targeted_degree,targeted,degree,0.45,450,0.504,504,8.743617659124617,23,0.1218216165317636,0.547076646840983,0.48171717171717177,5.676363636363637,10,2.420515620228177
synthetic_comparison,WS_n1000_k10_p0.1,synthetic,watts_strogatz,2,targeted_degree,targeted,degree,0.5,500,0.435,435,9.081370835319667,25,0.10935869832287151,0.5477759472817133,0.45575079365079363,5.264,10,2.5865621972030755
synthetic_comparison,WS_n1000_k10_p0.1,synthetic,watts_strogatz,2,targeted_degree,targeted,degree,0.55,550,0.333,333,8.831940374109049,21,0.08558172612787769,0.5422214116359657,0.42988183421516757,4.711111111111111,10,2.624010689529567
synthetic_comparison,WS_n1000_k10_p0.1,synthetic,watts_strogatz,2,targeted_degree,targeted,degree,0.6000000000000001,600,0.258,258,10.407082315325914,28,0.06255064932563127,0.538642374375551,0.3931964285714286,3.915,10,2.3670181663857166
synthetic_comparison,WS_n1000_k10_p0.1,synthetic,watts_strogatz,2,targeted_degree,targeted,degree,0.65,650,0.127,127,9.911511061117361,28,0.03188318682756082,0.5404089581304771,0.3546439909297052,3.2285714285714286,10,2.131206422739602
synthetic_comparison,WS_n1000_k10_p0.1,synthetic,watts_strogatz,2,targeted_degree,targeted,degree,0.7000000000000001,700,0.032,32,4.401209677419355,10,0.017106409569620323,0.48124191461837,0.2852222222222222,2.3266666666666667,7,1.4375751188102215
synthetic_comparison,WS_n1000_k10_p0.1,synthetic,watts_strogatz,2,targeted_degree,targeted,degree,0.75,750,0.027,27,4.689458689458689,12,0.016787418917539477,0.40939597315436244,0.25479999999999997,2.0,5,1.2553883861180173
synthetic_comparison,WS_n1000_k10_p0.1,synthetic,watts_strogatz,2,targeted_degree,targeted,degree,0.8,800,0.025,25,5.34,13,0.018806649101875267,0.38338658146964855,0.20866666666666667,1.85,5,1.2479983974348685
synthetic_comparison,WS_n1000_k10_p0.1,synthetic,watts_strogatz,2,targeted_degree,targeted,degree,0.8500000000000001,850,0.014,14,3.318681318681319,9,0.017501793260182492,0.424390243902439,0.19399999999999998,1.6133333333333333,5,1.3205386106518135
synthetic_comparison,WS_n1000_k10_p0.1,synthetic,watts_strogatz,2,targeted_degree,targeted,degree,0.9,900,0.009,9,2.1666666666666665,5,0.01659259259259259,0.48148148148148145,0.11833333333333335,1.12,4,1.2188519188154072
synthetic_comparison,WS_n1000_k10_p0.1,synthetic,watts_strogatz,2,targeted_degree,targeted,degree,0.9500000000000001,950,0.002,2,1.0,1,0.005714285714285714,0,0.0,0.28,1,0.44899888641287294
synthetic_comparison,WS_n1000_k10_p0.1,synthetic,watts_strogatz,2,targeted_degree,targeted,degree,1.0,1000,0.0,0,0.0,0,0.0,0.0,0.0,0.0,0,0.0
synthetic_comparison,WS_n1000_k10_p0.1,synthetic,watts_strogatz,2,targeted_betweenness,targeted,betweenness,0.0,0,1.0,1000,4.388722722722723,7,0.24656376853233272,0.4759266587521435,0.4842764735264735,10.0,15,0.985900603509299
synthetic_comparison,WS_n1000_k10_p0.1,synthetic,watts_strogatz,2,targeted_betweenness,targeted,betweenness,0.05,50,0.95,950,4.783557207032334,8,0.2285158840206477,0.5045285310659872,0.5104518639255482,9.378947368421052,13,1.068978335346626
synthetic_comparison,WS_n1000_k10_p0.1,synthetic,watts_strogatz,2,targeted_betweenness,targeted,betweenness,0.1,100,0.9,900,5.138183166481276,9,0.21467520152749106,0.5242278265797676,0.5286321949655283,8.833333333333334,12,1.177096238867305
synthetic_comparison,WS_n1000_k10_p0.1,synthetic,watts_strogatz,2,targeted_betweenness,targeted,betweenness,0.15000000000000002,150,0.85,850,5.583831497263216,10,0.20011031707541646,0.5377809842041312,0.5408966131907308,8.294117647058824,12,1.2119360244400859
synthetic_comparison,WS_n1000_k10_p0.1,synthetic,watts_strogatz,2,targeted_betweenness,targeted,betweenness,0.2,200,0.8,800,6.123742177722153,11,0.18495741576733862,0.5543866068978136,0.5591052489177489,7.795,11,1.299220920398067
synthetic_comparison,WS_n1000_k10_p0.1,synthetic,watts_strogatz,2,targeted_betweenness,targeted,betweenness,0.25,250,0.75,750,6.949995549621718,13,0.16638954303826398,0.5691941516490989,0.5704433862433862,7.248,10,1.3305998647226747
synthetic_comparison,WS_n1000_k10_p0.1,synthetic,watts_strogatz,2,targeted_betweenness,targeted,betweenness,0.30000000000000004,300,0.7,700,7.739644389944819,17,0.15279338127190087,0.5812692967409948,0.581187074829932,6.822857142857143,10,1.3835948445544135
synthetic_comparison,WS_n1000_k10_p0.1,synthetic,watts_strogatz,2,targeted_betweenness,targeted,betweenness,0.35000000000000003,350,0.65,650,8.944160246533128,20,0.13672999291952256,0.5930927031939756,0.5883675213675214,6.32,10,1.3875490289327823
synthetic_comparison,WS_n1000_k10_p0.1,synthetic,watts_strogatz,2,targeted_betweenness,targeted,betweenness,0.4,400,0.6,600,10.15455203116305,24,0.12518132292032913,0.5984422327996538,0.5902738095238095,5.886666666666667,10,1.4307884384337033
synthetic_comparison,WS_n1000_k10_p0.1,synthetic,watts_strogatz,2,targeted_betweenness,targeted,betweenness,0.45,450,0.55,550,11.277350554727605,25,0.11553462216097504,0.5990470690153047,0.5944054834054834,5.345454545454546,9,1.3989370226670068
synthetic_comparison,WS_n1000_k10_p0.1,synthetic,watts_strogatz,2,targeted_betweenness,targeted,betweenness,0.5,500,0.497,497,17.352891542805217,55,0.0917952187470021,0.6128210154871594,0.607563492063492,4.828,9,1.3865121708805876
synthetic_comparison,WS_n1000_k10_p0.1,synthetic,watts_strogatz,2,targeted_betweenness,targeted,betweenness,0.55,550,0.285,285,24.69320484309365,77,0.0498074106661201,0.6275952693823916,0.6026384479717813,4.386666666666667,9,1.433503865824342
synthetic_comparison,WS_n1000_k10_p0.1,synthetic,watts_strogatz,2,targeted_betweenness,targeted,betweenness,0.6000000000000001,600,0.125,125,16.607225806451613,48,0.027462449463663895,0.6456273764258555,0.610218253968254,3.865,9,1.4411020088807038
synthetic_comparison,WS_n1000_k10_p0.1,synthetic,watts_strogatz,2,targeted_betweenness,targeted,betweenness,0.65,650,0.036,36,6.604761904761904,18,0.018929449625977392,0.663049685893775,0.6097959183673469,3.3771428571428572,8,1.406329714293957
synthetic_comparison,WS_n1000_k10_p0.1,synthetic,watts_strogatz,2,targeted_betweenness,targeted,betweenness,0.7000000000000001,700,0.018,18,3.7320261437908497,9,0.016356328856328897,0.6873065015479877,0.6006349206349206,3.08,8,1.485575085054045
synthetic_comparison,WS_n1000_k10_p0.1,synthetic,watts_strogatz,2,targeted_betweenness,targeted,betweenness,0.75,750,0.017,17,3.2941176470588234,8,0.01587267163893676,0.7255965292841648,0.6114666666666667,2.84,6,1.466424222385869
synthetic_comparison,WS_n1000_k10_p0.1,synthetic,watts_strogatz,2,targeted_betweenness,targeted,betweenness,0.8,800,0.009,9,2.111111111111111,5,0.014381909547738688,0.7715930902111324,0.5348333333333334,2.36,5,1.4143549766589718
synthetic_comparison,WS_n1000_k10_p0.1,synthetic,watts_strogatz,2,targeted_betweenness,targeted,betweenness,0.8500000000000001,850,0.007,7,1.7619047619047619,4,0.014645786726323638,0.7830882352941176,0.3791111111111111,1.8533333333333333,5,1.430089352297805
synthetic_comparison,WS_n1000_k10_p0.1,synthetic,watts_strogatz,2,targeted_betweenness,targeted,betweenness,0.9,900,0.005,5,1.1,2,0.012087542087542086,0.8,0.275,1.1,4,1.044030650891055
synthetic_comparison,WS_n1000_k10_p0.1,synthetic,watts_strogatz,2,targeted_betweenness,targeted,betweenness,0.9500000000000001,950,0.004,4,1.1666666666666667,2,0.014693877551020407,0.6666666666666666,0.06666666666666667,0.68,3,0.76
synthetic_comparison,WS_n1000_k10_p0.1,synthetic,watts_strogatz,2,targeted_betweenness,targeted,betweenness,1.0,1000,0.0,0,0.0,0,0.0,0.0,0.0,0.0,0,0.0
synthetic_comparison,BA_n1000_m3,synthetic,barabasi_albert,0,random_failures,random,,0.0,0,1.0,1000,3.4664544544544547,6,0.30531161161234166,0.017512837903303942,0.033289195953097976,5.982,93,7.263998623347887
synthetic_comparison,BA_n1000_m3,synthetic,barabasi_albert,0,random_failures,random,,0.05,50,0.95,950,3.5150374355277023,6,0.30178573937636116,0.017377743121310015,0.03310539131736981,5.705263157894737,88,6.982193418314042
synthetic_comparison,BA_n1000_m3,synthetic,barabasi_albert,0,random_failures,random,,0.1,100,0.899,899,3.5837493280086017,7,0.29593225865471673,0.01710376282782212,0.031497380632745944,5.36,82,6.549245927755517
synthetic_comparison,BA_n1000_m3,synthetic,barabasi_albert,0,random_failures,random,,0.15000000000000002,150,0.849,849,3.5985149009933997,7,0.2953192980385677,0.018063610505707213,0.03150026044625634,5.176470588235294,80,6.486685858403004
synthetic_comparison,BA_n1000_m3,synthetic,barabasi_albert,0,random_failures,random,,0.2,200,0.799,799,3.6194459866813466,7,0.2940672417912096,0.0192195690157251,0.030582958737948824,4.9775,78,6.347991316156631
synthetic_comparison,BA_n1000_m3,synthetic,barabasi_albert,0,random_failures,random,,0.25,250,0.748,748,3.8852200244829587,8,0.27441257549755066,0.014654161781946073,0.022300686194909575,4.376,69,5.11572321377926
synthetic_comparison,BA_n1000_m3,synthetic,barabasi_albert,0,random_failures,random,,0.30000000000000004,300,0.694,694,4.0194784402277195,8,0.263284599962246,0.015262718932443704,0.02251512336285062,4.0285714285714285,62,4.696416349793984
synthetic_comparison,BA_n1000_m3,synthetic,barabasi_albert,0,random_failures,random,,0.35000000000000003,350,0.642,642,4.119264583667459,10,0.2567314418155181,0.01585244267198405,0.02136050096350822,3.7846153846153845,60,4.508086094639985
synthetic_comparison,BA_n1000_m3,synthetic,barabasi_albert,0,random_failures,random,,0.4,400,0.587,587,4.183009576082469,10,0.24886688572608742,0.017520379608224845,0.02393127592006681,3.5433333333333334,55,4.287748697030749
synthetic_comparison,BA_n1000_m3,synthetic,barabasi_albert,0,random_failures,random,,0.45,450,0.531,531,4.2355896670575275,10,0.24062342130598954,0.01895107977082415,0.02427283402742676,3.418181818181818,49,4.0604115738137105
synthetic_comparison,BA_n1000_m3,synthetic,barabasi_albert,0,random_failures,random,,0.5,500,0.471,471,4.357365496679767,10,0.2239376626264989,0.01901651940069151,0.024518614081286715,3.116,46,3.7723393272610037
synthetic_comparison,BA_n1000_m3,synthetic,barabasi_albert,0,random_failures,random,,0.55,550,0.414,414,4.589956837561848,11,0.20457770371719824,0.015181332583637897,0.021784775610862568,2.7511111111111113,40,3.3153261761583863
synthetic_comparison,BA_n1000_m3,synthetic,barabasi_albert,0,random_failures,random,,0.6000000000000001,600,0.349,349,4.6956493100154795,11,0.18191519925374783,0.018216318785578747,0.02270281387858787,2.485,35,3.079736190000695
synthetic_comparison,BA_n1000_m3,synthetic,barabasi_albert,0,random_failures,random,,0.65,650,0.282,282,4.987986168950809,16,0.15106525434365248,0.015025041736227046,0.014196640525073167,2.1942857142857144,30,2.7654958591433068
synthetic_comparison,BA_n1000_m3,synthetic,barabasi_albert,0,random_failures,random,,0.7000000000000001,700,0.223,223,4.949743465438533,13,0.1297408511839986,0.014814814814814815,0.006664762347626797,1.9333333333333333,24,2.509094568874508
synthetic_comparison,BA_n1000_m3,synthetic,barabasi_albert,0,random_failures,random,,0.75,750,0.157,157,4.830720235178834,10,0.09605075540255366,0.012605042016806723,0.007311528822055138,1.624,20,2.1676309649015444
synthetic_comparison,BA_n1000_m3,synthetic,barabasi_albert,0,random_failures,random,,0.8,800,0.096,96,4.791666666666667,11,0.059818943200852764,0.0078125,0.005166056166056167,1.25,16,1.8781639970992947
synthetic_comparison,BA_n1000_m3,synthetic,barabasi_albert,0,random_failures,random,,0.8500000000000001,850,0.041,41,3.6597560975609755,8,0.02772930648769575,0,0.0,0.8933333333333333,14,1.4973161174433258
synthetic_comparison,BA_n1000_m3,synthetic,barabasi_albert,0,random_failures,random,,0.9,900,0.028,28,3.113756613756614,7,0.03400192400192396,0,0.0,0.88,13,1.52499180325666
synthetic_comparison,BA_n1000_m3,synthetic,barabasi_albert,0,random_failures,random,,0.9500000000000001,950,0.007,7,1.9047619047619047,3,0.01578231292517007,0,0.0,0.48,5,0.854166260162505
synthetic_comparison,BA_n1000_m3,synthetic,barabasi_albert,0,random_failures,random,,1.0,1000,0.0,0,0.0,0,0.0,0.0,0.0,0.0,0,0.0
synthetic_comparison,BA_n1000_m3,synthetic,barabasi_albert,0,targeted_degree,targeted,degree,0.0,0,1.0,1000,3.4664544544544547,6,0.30531161161234166,0.017512837903303942,0.033289195953097976,5.982,93,7.263998623347887
synthetic_comparison,BA_n1000_m3,synthetic,barabasi_albert,0,targeted_degree,targeted,degree,0.05,50,0.934,934,5.351923637456938,12,0.19528028752516252,0.004493035794518496,0.005866081287133919,3.528421052631579,13,2.2661659324155847
synthetic_comparison,BA_n1000_m3,synthetic,barabasi_albert,0,targeted_degree,targeted,degree,0.1,100,0.85,850,6.8847086537795334,16,0.14310951468684546,0.0009129640900791236,0.0014074074074074073,2.6755555555555555,9,1.6790414667046136
synthetic_comparison,BA_n1000_m3,synthetic,barabasi_albert,0,targeted_degree,targeted,degree,0.15000000000000002,150,0.734,734,9.173398113831777,22,0.09311489175198077,0.001693002257336343,0.0014901960784313726,2.0941176470588236,7,1.3704746229104436
synthetic_comparison,BA_n1000_m3,synthetic,barabasi_albert,0,targeted_degree,targeted,degree,0.2,200,0.53,530,13.178128901094981,29,0.041557738213089286,0.0031088082901554403,0.0017916666666666667,1.665,6,1.1424863237693481
synthetic_comparison,BA_n1000_m3,synthetic,barabasi_albert,0,targeted_degree,targeted,degree,0.25,250,0.328,328,20.371391810248376,58,0.0156722885248531,0.0048,0.0028,1.3866666666666667,6,1.06324451039678
synthetic_comparison,BA_n1000_m3,synthetic,barabasi_albert,0,targeted_degree,targeted,degree,0.30000000000000004,300,0.02,20,5.363157894736842,13,0.0030234197416907434,0,0.0,1.0771428571428572,4,0.8990743539204925
synthetic_comparison,BA_n1000_m3,synthetic,barabasi_albert,0,targeted_degree,targeted,degree,0.35000000000000003,350,0.015,15,3.5619047619047617,8,0.0022951737528008834,0,0.0,0.8892307692307693,4,0.8575677729527273
synthetic_comparison,BA_n1000_m3,synthetic,barabasi_albert,0,targeted_degree,targeted,degree,0.4,400,0.006,6,2.066666666666667,4,0.0012729549248747904,0,0.0,0.6066666666666667,3,0.6918252830174842
synthetic_comparison,BA_n1000_m3,synthetic,barabasi_albert,0,targeted_degree,targeted,degree,0.45,450,0.006,6,2.066666666666667,4,0.001206049566705304,0,0.0,0.5309090909090909,3,0.6701079227252679
synthetic_comparison,BA_n1000_m3,synthetic,barabasi_albert,0,targeted_degree,targeted,degree,0.5,500,0.005,5,1.8,3,0.0010106880427521714,0,0.0,0.404,3,0.6362263748069551
synthetic_comparison,BA_n1000_m3,synthetic,barabasi_albert,0,targeted_degree,targeted,degree,0.55,550,0.005,5,2.0,4,0.0006376309494349582,0,0.0,0.24444444444444444,2,0.5013561854523768
synthetic_comparison,BA_n1000_m3,synthetic,barabasi_albert,0,targeted_degree,targeted,degree,0.6000000000000001,600,0.002,2,1.0,1,6.265664160401002e-05,0,0.0,0.025,1,0.15612494995995996
synthetic_comparison,BA_n1000_m3,synthetic,barabasi_albert,0,targeted_degree,targeted,degree,0.65,650,0.001,1,0.0,0,0.0,0,0.0,0.0,0,0.0
synthetic_comparison,BA_n1000_m3,synthetic,barabasi_albert,0,targeted_degree,targeted,degree,0.7000000000000001,700,0.001,1,0.0,0,0.0,0,0.0,0.0,0,0.0
synthetic_comparison,BA_n1000_m3,synthetic,barabasi_albert,0,targeted_degree,targeted,degree,0.75,750,0.001,1,0.0,0,0.0,0,0.0,0.0,0,0.0
synthetic_comparison,BA_n1000_m3,synthetic,barabasi_albert,0,targeted_degree,targeted,degree,0.8,800,0.001,1,0.0,0,0.0,0,0.0,0.0,0,0.0
synthetic_comparison,BA_n1000_m3,synthetic,barabasi_albert,0,targeted_degree,targeted,degree,0.8500000000000001,850,0.001,1,0.0,0,0.0,0,0.0,0.0,0,0.0
synthetic_comparison,BA_n1000_m3,synthetic,barabasi_albert,0,targeted_degree,targeted,degree,0.9,900,0.001,1,0.0,0,0.0,0,0.0,0.0,0,0.0
synthetic_comparison,BA_n1000_m3,synthetic,barabasi_albert,0,targeted_degree,targeted,degree,0.9500000000000001,950,0.001,1,0.0,0,0.0,0,0.0,0.0,0,0.0
synthetic_comparison,BA_n1000_m3,synthetic,barabasi_albert,0,targeted_degree,targeted,degree,1.0,1000,0.0,0,0.0,0,0.0,0.0,0.0,0.0,0,0.0
synthetic_comparison,BA_n1000_m3,synthetic,barabasi_albert,0,targeted_betweenness,targeted,betweenness,0.0,0,1.0,1000,3.4664544544544547,6,0.30531161161234166,0.017512837903303942,0.033289195953097976,5.982,93,7.263998623347887
synthetic_comparison,BA_n1000_m3,synthetic,barabasi_albert,0,targeted_betweenness,targeted,betweenness,0.05,50,0.932,932,5.304647271151515,12,0.19616086004885344,0.004368083867210251,0.005870752054962581,3.557894736842105,16,2.3147844709204364
synthetic_comparison,BA_n1000_m3,synthetic,barabasi_albert,0,targeted_betweenness,targeted,betweenness,0.1,100,0.853,853,6.728335232182466,16,0.14707531401061513,0.0008615738081562321,0.0014074074074074073,2.7111111111111112,13,1.7603310575283178
synthetic_comparison,BA_n1000_m3,synthetic,barabasi_albert,0,targeted_betweenness,targeted,betweenness,0.15000000000000002,150,0.749,749,8.45106487794778,20,0.10390621753434989,0.0014749262536873156,0.0014901960784313726,2.183529411764706,12,1.4837826905124483
synthetic_comparison,BA_n1000_m3,synthetic,barabasi_albert,0,targeted_betweenness,targeted,betweenness,0.2,200,0.588,588,12.672240957711875,38,0.05319825721408717,0,0.0,1.74,7,1.225724275683565
synthetic_comparison,BA_n1000_m3,synthetic,barabasi_albert,0,targeted_betweenness,targeted,betweenness,0.25,250,0.338,338,20.003529225852898,55,0.017992460386611855,0,0.0,1.4426666666666668,5,1.0960746122210638
synthetic_comparison,BA_n1000_m3,synthetic,barabasi_albert,0,targeted_betweenness,targeted,betweenness,0.30000000000000004,300,0.043,43,7.331118493909192,18,0.004382546804400421,0,0.0,1.1857142857142857,5,0.9782324751868566
synthetic_comparison,BA_n1000_m3,synthetic,barabasi_albert,0,targeted_betweenness,targeted,betweenness,0.35000000000000003,350,0.021,21,4.3238095238095235,10,0.0026134468168366553,0,0.0,0.9538461538461539,5,0.8863194289744047
synthetic_comparison,BA_n1000_m3,synthetic,barabasi_albert,0,targeted_betweenness,targeted,betweenness,0.4,400,0.012,12,3.303030303030303,7,0.0018013488088613314,0,0.0,0.7433333333333333,4,0.7984081384577412
synthetic_comparison,BA_n1000_m3,synthetic,barabasi_albert,0,targeted_betweenness,targeted,betweenness,0.45,450,0.009,9,2.5555555555555554,5,0.0013704255671468774,0,0.0,0.5745454545454546,3,0.7140710893609662
synthetic_comparison,BA_n1000_m3,synthetic,barabasi_albert,0,targeted_betweenness,targeted,betweenness,0.5,500,0.004,4,1.6666666666666667,3,0.0009472277889111558,0,0.0,0.408,3,0.5979431411095875
synthetic_comparison,BA_n1000_m3,synthetic,barabasi_albert,0,targeted_betweenness,targeted,betweenness,0.55,550,0.004,4,1.6666666666666667,3,0.000684649014270395,0,0.0,0.27555555555555555,2,0.5073484691371429
synthetic_comparison,BA_n1000_m3,synthetic,barabasi_albert,0,targeted_betweenness,targeted,betweenness,0.6000000000000001,600,0.003,3,1.3333333333333333,2,0.0004636591478696742,0,0.0,0.17,2,0.4136423575989287
synthetic_comparison,BA_n1000_m3,synthetic,barabasi_albert,0,targeted_betweenness,targeted,betweenness,0.65,650,0.003,3,1.3333333333333333,2,0.00027015963978714694,0,0.0,0.09142857142857143,2,0.2979658931310558
synthetic_comparison,BA_n1000_m3,synthetic,barabasi_albert,0,targeted_betweenness,targeted,betweenness,0.7000000000000001,700,0.002,2,1.0,1,0.00013377926421404682,0,0.0,0.04,1,0.19595917942265426
synthetic_comparison,BA_n1000_m3,synthetic,barabasi_albert,0,targeted_betweenness,targeted,betweenness,0.75,750,0.002,2,1.0,1,3.21285140562249e-05,0,0.0,0.008,1,0.08908422980528033
synthetic_comparison,BA_n1000_m3,synthetic,barabasi_albert,0,targeted_betweenness,targeted,betweenness,0.8,800,0.001,1,0.0,0,0.0,0,0.0,0.0,0,0.0
synthetic_comparison,BA_n1000_m3,synthetic,barabasi_albert,0,targeted_betweenness,targeted,betweenness,0.8500000000000001,850,0.001,1,0.0,0,0.0,0,0.0,0.0,0,0.0
synthetic_comparison,BA_n1000_m3,synthetic,barabasi_albert,0,targeted_betweenness,targeted,betweenness,0.9,900,0.001,1,0.0,0,0.0,0,0.0,0.0,0,0.0
synthetic_comparison,BA_n1000_m3,synthetic,barabasi_albert,0,targeted_betweenness,targeted,betweenness,0.9500000000000001,950,0.001,1,0.0,0,0.0,0,0.0,0.0,0,0.0
synthetic_comparison,BA_n1000_m3,synthetic,barabasi_albert,0,targeted_betweenness,targeted,betweenness,1.0,1000,0.0,0,0.0,0,0.0,0.0,0.0,0.0,0,0.0
synthetic_comparison,BA_n1000_m3,synthetic,barabasi_albert,1,random_failures,random,,0.0,0,1.0,1000,3.5123943943943945,6,0.30140890890986566,0.019111310829742805,0.028349260887089618,5.982,90,6.77197725926483
synthetic_comparison,BA_n1000_m3,synthetic,barabasi_albert,1,random_failures,random,,0.05,50,0.95,950,3.5926371249514726,6,0.2953872774683695,0.019908116385911178,0.030110141156117633,5.597894736842106,84,6.3441971653732665
synthetic_comparison,BA_n1000_m3,synthetic,barabasi_albert,1,random_failures,random,,0.1,100,0.9,900,3.6503794339389444,7,0.2913777507064553,0.021103295075897817,0.03409225912069052,5.286666666666667,81,6.112286351639986
synthetic_comparison,BA_n1000_m3,synthetic,barabasi_albert,1,random_failures,random,,0.15000000000000002,150,0.85,850,3.665959952885748,7,0.2906235709844725,0.022726337024990738,0.03832372943062901,5.124705882352941,77,6.001056885001526
synthetic_comparison,BA_n1000_m3,synthetic,barabasi_albert,1,random_failures,random,,0.2,200,0.795,795,3.8370039446794353,8,0.2755146015860184,0.018678081049530268,0.03310600162008092,4.6875,71,5.261876447618283
synthetic_comparison,BA_n1000_m3,synthetic,barabasi_albert,1,random_failures,random,,0.25,250,0.743,743,3.918422799679307,8,0.2689288829550202,0.01898989898989899,0.035845808269203784,4.389333333333333,67,4.972231513337067
synthetic_comparison,BA_n1000_m3,synthetic,barabasi_albert,1,random_failures,random,,0.30000000000000004,300,0.694,694,3.9561859850044288,8,0.26780769417844574,0.019790718835304824,0.034803877765014014,4.217142857142857,66,4.910483578996251
synthetic_comparison,BA_n1000_m3,synthetic,barabasi_albert,1,random_failures,random,,0.35000000000000003,350,0.643,643,3.9939584211469796,9,0.26533364751938016,0.02112676056338028,0.03696371018322191,4.036923076923077,64,4.8094640427700694
synthetic_comparison,BA_n1000_m3,synthetic,barabasi_albert,1,random_failures,random,,0.4,400,0.588,588,4.274785893914635,9,0.24441278232619948,0.013991769547325103,0.02700893809292456,3.6666666666666665,36,3.8108033565407466
synthetic_comparison,BA_n1000_m3,synthetic,barabasi_albert,1,random_failures,random,,0.45,450,0.536,536,4.541170316641094,11,0.22953183193262985,0.012424698795180723,0.02497330083510074,3.3781818181818184,32,3.3589333214357264
synthetic_comparison,BA_n1000_m3,synthetic,barabasi_albert,1,random_failures,random,,0.5,500,0.479,479,4.7043439522715556,11,0.21537752416770078,0.01218892839004571,0.02448064627199352,3.088,31,3.0502878552687447
synthetic_comparison,BA_n1000_m3,synthetic,barabasi_albert,1,random_failures,random,,0.55,550,0.407,407,5.100858135340894,10,0.17876647301680176,0.012320328542094456,0.026971185282779486,2.6577777777777776,23,2.5330253224061177
synthetic_comparison,BA_n1000_m3,synthetic,barabasi_albert,1,random_failures,random,,0.6000000000000001,600,0.331,331,5.719271262473679,14,0.1381869894239344,0.011834319526627219,0.02055088478772689,2.205,19,2.224404414669239
synthetic_comparison,BA_n1000_m3,synthetic,barabasi_albert,1,random_failures,random,,0.65,650,0.263,263,6.344411226888805,18,0.10625537165528494,0.009625668449197862,0.014757369614512473,1.9257142857142857,17,1.8868481439605431
synthetic_comparison,BA_n1000_m3,synthetic,barabasi_albert,1,random_failures,random,,0.7000000000000001,700,0.215,215,7.099760921538796,22,0.09127150633902924,0.009302325581395349,0.010809523809523809,1.7133333333333334,15,1.7543723157363782
synthetic_comparison,BA_n1000_m3,synthetic,barabasi_albert,1,random_failures,random,,0.75,750,0.154,154,7.793311263899499,19,0.06518965076172853,0,0.0,1.44,13,1.5357083056361973
synthetic_comparison,BA_n1000_m3,synthetic,barabasi_albert,1,random_failures,random,,0.8,800,0.033,33,4.678030303030303,11,0.018709824374397294,0,0.0,1.1,7,1.1661903789690602
synthetic_comparison,BA_n1000_m3,synthetic,barabasi_albert,1,random_failures,random,,0.8500000000000001,850,0.013,13,2.948717948717949,6,0.008302759134973902,0,0.0,0.6666666666666666,4,0.9067647005823629
synthetic_comparison,BA_n1000_m3,synthetic,barabasi_albert,1,random_failures,random,,0.9,900,0.006,6,1.9333333333333333,3,0.006060606060606062,0,0.0,0.44,3,0.6974238309665077
synthetic_comparison,BA_n1000_m3,synthetic,barabasi_albert,1,random_failures,random,,0.9500000000000001,950,0.002,2,1.0,1,0.0008163265306122449,0,0.0,0.04,1,0.19595917942265428
synthetic_comparison,BA_n1000_m3,synthetic,barabasi_albert,1,random_failures,random,,1.0,1000,0.0,0,0.0,0,0.0,0.0,0.0,0.0,0,0.0
synthetic_comparison,BA_n1000_m3,synthetic,barabasi_albert,1,targeted_degree,targeted,degree,0.0,0,1.0,1000,3.5123943943943945,6,0.30140890890986566,0.019111310829742805,0.028349260887089618,5.982,90,6.77197725926483
synthetic_comparison,BA_n1000_m3,synthetic,barabasi_albert,1,targeted_degree,targeted,degree,0.05,50,0.938,938,5.213167278412026,11,0.20178719742213191,0.002536640360766629,0.003753346069135543,3.654736842105263,15,2.2883581069152537
synthetic_comparison,BA_n1000_m3,synthetic,barabasi_albert,1,targeted_degree,targeted,degree,0.1,100,0.857,857,6.622602209402502,15,0.15045971525255541,0.0008517887563884157,0.0007407407407407407,2.8088888888888888,9,1.6570150166585995
synthetic_comparison,BA_n1000_m3,synthetic,barabasi_albert,1,targeted_degree,targeted,degree,0.15000000000000002,150,0.765,765,8.967682989426137,23,0.10314883528634729,0.0015455950540958269,0.000980392156862745,2.232941176470588,7,1.3468384099149182
synthetic_comparison,BA_n1000_m3,synthetic,barabasi_albert,1,targeted_degree,targeted,degree,0.2,200,0.602,602,11.44909646712843,29,0.05950023175596029,0.0025974025974025974,0.001875,1.805,6,1.1976957042588072
synthetic_comparison,BA_n1000_m3,synthetic,barabasi_albert,1,targeted_degree,targeted,degree,0.25,250,0.32,320,17.354310344827585,51,0.017124278862701327,0.0045871559633027525,0.002,1.4506666666666668,4,1.0441421784837968
synthetic_comparison,BA_n1000_m3,synthetic,barabasi_albert,1,targeted_degree,targeted,degree,0.30000000000000004,300,0.017,17,4.1911764705882355,10,0.002841479228358442,0,0.0,1.1171428571428572,4,0.883494915268969
synthetic_comparison,BA_n1000_m3,synthetic,barabasi_albert,1,targeted_degree,targeted,degree,0.35000000000000003,350,0.017,17,4.1911764705882355,10,0.002245778703405831,0,0.0,0.9292307692307692,3,0.843750432829168
synthetic_comparison,BA_n1000_m3,synthetic,barabasi_albert,1,targeted_degree,targeted,degree,0.4,400,0.007,7,2.1904761904761907,4,0.001409757002411425,0,0.0,0.66,3,0.7172168430816442
synthetic_comparison,BA_n1000_m3,synthetic,barabasi_albert,1,targeted_degree,targeted,degree,0.45,450,0.006,6,1.9333333333333333,3,0.001158028371143125,0,0.0,0.5309090909090909,3,0.6536256162980394
synthetic_comparison,BA_n1000_m3,synthetic,barabasi_albert,1,targeted_degree,targeted,degree,0.5,500,0.005,5,1.8,3,0.0009819639278557115,0,0.0,0.424,3,0.6001866376386599
synthetic_comparison,BA_n1000_m3,synthetic,barabasi_albert,1,targeted_degree,targeted,degree,0.55,550,0.005,5,1.8,3,0.0006928977975748577,0,0.0,0.27555555555555555,3,0.5117097942977513
synthetic_comparison,BA_n1000_m3,synthetic,barabasi_albert,1,targeted_degree,targeted,degree,0.6000000000000001,600,0.003,3,1.3333333333333333,2,0.00015664160401002505,0,0.0,0.06,2,0.24779023386727733
synthetic_comparison,BA_n1000_m3,synthetic,barabasi_albert,1,targeted_degree,targeted,degree,0.65,650,0.001,1,0.0,0,0.0,0,0.0,0.0,0,0.0
synthetic_comparison,BA_n1000_m3,synthetic,barabasi_albert,1,targeted_degree,targeted,degree,0.7000000000000001,700,0.001,1,0.0,0,0.0,0,0.0,0.0,0,0.0
synthetic_comparison,BA_n1000_m3,synthetic,barabasi_albert,1,targeted_degree,targeted,degree,0.75,750,0.001,1,0.0,0,0.0,0,0.0,0.0,0,0.0
synthetic_comparison,BA_n1000_m3,synthetic,barabasi_albert,1,targeted_degree,targeted,degree,0.8,800,0.001,1,0.0,0,0.0,0,0.0,0.0,0,0.0
synthetic_comparison,BA_n1000_m3,synthetic,barabasi_albert,1,targeted_degree,targeted,degree,0.8500000000000001,850,0.001,1,0.0,0,0.0,0,0.0,0.0,0,0.0
synthetic_comparison,BA_n1000_m3,synthetic,barabasi_albert,1,targeted_degree,targeted,degree,0.9,900,0.001,1,0.0,0,0.0,0,0.0,0.0,0,0.0
synthetic_comparison,BA_n1000_m3,synthetic,barabasi_albert,1,targeted_degree,targeted,degree,0.9500000000000001,950,0.001,1,0.0,0,0.0,0,0.0,0.0,0,0.0
synthetic_comparison,BA_n1000_m3,synthetic,barabasi_albert,1,targeted_degree,targeted,degree,1.0,1000,0.0,0,0.0,0,0.0,0.0,0.0,0.0,0,0.0
synthetic_comparison,BA_n1000_m3,synthetic,barabasi_albert,1,targeted_betweenness,targeted,betweenness,0.0,0,1.0,1000,3.5123943943943945,6,0.30140890890986566,0.019111310829742805,0.028349260887089618,5.982,90,6.77197725926483
synthetic_comparison,BA_n1000_m3,synthetic,barabasi_albert,1,targeted_betweenness,targeted,betweenness,0.05,50,0.938,938,5.140028626497031,11,0.2045192070611654,0.0036496350364963502,0.0036311378679799735,3.696842105263158,16,2.3674748987311105
synthetic_comparison,BA_n1000_m3,synthetic,barabasi_albert,1,targeted_betweenness,targeted,betweenness,0.1,100,0.864,864,6.484847753315308,15,0.1559184396191436,0.0008032128514056225,0.0007407407407407407,2.86,11,1.7263835031649253
synthetic_comparison,BA_n1000_m3,synthetic,barabasi_albert,1,targeted_betweenness,targeted,betweenness,0.15000000000000002,150,0.753,753,8.025783391257665,19,0.11020132899475864,0.0013692377909630307,0.001568627450980392,2.303529411764706,9,1.467165900144463
synthetic_comparison,BA_n1000_m3,synthetic,barabasi_albert,1,targeted_betweenness,targeted,betweenness,0.2,200,0.643,643,11.351651865525211,32,0.06894917918918793,0,0.0,1.88,8,1.276949489995591
synthetic_comparison,BA_n1000_m3,synthetic,barabasi_albert,1,targeted_betweenness,targeted,betweenness,0.25,250,0.42,420,18.78082736674622,52,0.02537602063386109,0,0.0,1.5253333333333334,6,1.0984951322402643
synthetic_comparison,BA_n1000_m3,synthetic,barabasi_albert,1,targeted_betweenness,targeted,betweenness,0.30000000000000004,300,0.156,156,15.491563275434244,42,0.007959046664644946,0,0.0,1.26,5,1.0090164942726585
synthetic_comparison,BA_n1000_m3,synthetic,barabasi_albert,1,targeted_betweenness,targeted,betweenness,0.35000000000000003,350,0.029,29,5.935960591133005,14,0.0032685603801486853,0,0.0,1.0307692307692307,4,0.9092554988176742
synthetic_comparison,BA_n1000_m3,synthetic,barabasi_albert,1,targeted_betweenness,targeted,betweenness,0.4,400,0.021,21,5.4,15,0.0022829408889509127,0,0.0,0.8166666666666667,4,0.8384840818736845
synthetic_comparison,BA_n1000_m3,synthetic,barabasi_albert,1,targeted_betweenness,targeted,betweenness,0.45,450,0.01,10,2.7111111111111112,6,0.0015511398134348945,0,0.0,0.6254545454545455,4,0.7395866614211388
synthetic_comparison,BA_n1000_m3,synthetic,barabasi_albert,1,targeted_betweenness,targeted,betweenness,0.5,500,0.006,6,2.3333333333333335,5,0.001063059452237809,0,0.0,0.452,3,0.6129404538778624
synthetic_comparison,BA_n1000_m3,synthetic,barabasi_albert,1,targeted_betweenness,targeted,betweenness,0.55,550,0.005,5,2.0,4,0.00079600758888064,0,0.0,0.32,2,0.5331666406168587
synthetic_comparison,BA_n1000_m3,synthetic,barabasi_albert,1,targeted_betweenness,targeted,betweenness,0.6000000000000001,600,0.003,3,1.3333333333333333,2,0.0005701754385964912,0,0.0,0.215,2,0.4401988187171792
synthetic_comparison,BA_n1000_m3,synthetic,barabasi_albert,1,targeted_betweenness,targeted,betweenness,0.65,650,0.003,3,1.3333333333333333,2,0.0003602128530495293,0,0.0,0.12,2,0.34209438964790323
synthetic_comparison,BA_n1000_m3,synthetic,barabasi_albert,1,targeted_betweenness,targeted,betweenness,0.7000000000000001,700,0.002,2,1.0,1,0.0001560758082497213,0,0.0,0.04666666666666667,1,0.21092389359408498
synthetic_comparison,BA_n1000_m3,synthetic,barabasi_albert,1,targeted_betweenness,targeted,betweenness,0.75,750,0.002,2,1.0,1,9.63855421686747e-05,0,0.0,0.024,1,0.15304901175767194
synthetic_comparison,BA_n1000_m3,synthetic,barabasi_albert,1,targeted_betweenness,targeted,betweenness,0.8,800,0.002,2,1.0,1,0.00010050251256281407,0,0.0,0.02,1,0.13999999999999999
synthetic_comparison,BA_n1000_m3,synthetic,barabasi_albert,1,targeted_betweenness,targeted,betweenness,0.8500000000000001,850,0.002,2,1.0,1,8.94854586129754e-05,0,0.0,0.013333333333333334,1,0.11469767022723505
synthetic_comparison,BA_n1000_m3,synthetic,barabasi_albert,1,targeted_betweenness,targeted,betweenness,0.9,900,0.001,1,0.0,0,0.0,0,0.0,0.0,0,0.0
synthetic_comparison,BA_n1000_m3,synthetic,barabasi_albert,1,targeted_betweenness,targeted,betweenness,0.9500000000000001,950,0.001,1,0.0,0,0.0,0,0.0,0.0,0,0.0
synthetic_comparison,BA_n1000_m3,synthetic,barabasi_albert,1,targeted_betweenness,targeted,betweenness,1.0,1000,0.0,0,0.0,0,0.0,0.0,0.0,0.0,0,0.0
synthetic_comparison,BA_n1000_m3,synthetic,barabasi_albert,2,random_failures,random,,0.0,0,1.0,1000,3.4630810810810813,6,0.30574290957698474,0.017973112224112728,0.03331155234522415,5.982,121,7.325003481227842
synthetic_comparison,BA_n1000_m3,synthetic,barabasi_albert,2,random_failures,random,,0.05,50,0.95,950,3.4950119239088235,6,0.3035285896527209,0.01856785339468798,0.03404158681724564,5.757894736842105,118,7.130093067191649
synthetic_comparison,BA_n1000_m3,synthetic,barabasi_albert,2,random_failures,random,,0.1,100,0.899,899,3.5679287305122496,7,0.2974605764210885,0.01828147670482025,0.03315436577193634,5.484444444444445,114,6.657892744890768
synthetic_comparison,BA_n1000_m3,synthetic,barabasi_albert,2,random_failures,random,,0.15000000000000002,150,0.849,849,3.618277329599751,7,0.29418517088949087,0.018983849012177624,0.03296395106823893,5.225882352941176,111,6.47080598564091
synthetic_comparison,BA_n1000_m3,synthetic,barabasi_albert,2,random_failures,random,,0.2,200,0.796,796,3.652084320975949,8,0.28986306916469734,0.01891132123690263,0.030456959658826936,5.0075,101,6.215098048301411
synthetic_comparison,BA_n1000_m3,synthetic,barabasi_albert,2,random_failures,random,,0.25,250,0.742,742,3.8484964224785476,8,0.2727331002183159,0.013494678155093765,0.018470533909259363,4.602666666666667,72,5.050623019874765
synthetic_comparison,BA_n1000_m3,synthetic,barabasi_albert,2,random_failures,random,,0.30000000000000004,300,0.688,688,3.8702015842388544,9,0.2685624182903251,0.013624567474048443,0.017282042119256113,4.4,70,4.967321784854059
synthetic_comparison,BA_n1000_m3,synthetic,barabasi_albert,2,random_failures,random,,0.35000000000000003,350,0.633,633,3.9472123902653626,10,0.259820740464161,0.014157126627632613,0.01802453677504259,4.138461538461539,62,4.713897368671369
synthetic_comparison,BA_n1000_m3,synthetic,barabasi_albert,2,random_failures,random,,0.4,400,0.583,583,4.011258274242129,10,0.2554863529156749,0.014538558786346398,0.01714639520696606,3.9266666666666667,57,4.4886474082462255
synthetic_comparison,BA_n1000_m3,synthetic,barabasi_albert,2,random_failures,random,,0.45,450,0.531,531,4.112397398997975,10,0.24714673143041355,0.014739078475634045,0.01566333816010122,3.6618181818181816,53,4.199804796723119
synthetic_comparison,BA_n1000_m3,synthetic,barabasi_albert,2,random_failures,random,,0.5,500,0.463,463,4.6460968836778775,11,0.20446506114649723,0.006509161041465767,0.006983819883819883,3.08,27,3.1914886808509912
synthetic_comparison,BA_n1000_m3,synthetic,barabasi_albert,2,random_failures,random,,0.55,550,0.407,407,5.054320330182399,13,0.18189044519787123,0.006495849873691808,0.009546431677633724,2.688888888888889,26,2.7882469380695674
synthetic_comparison,BA_n1000_m3,synthetic,barabasi_albert,2,random_failures,random,,0.6000000000000001,600,0.344,344,5.151467896128551,13,0.16321410846898388,0.005717008099094807,0.009476100288600289,2.455,25,2.631154689485208
synthetic_comparison,BA_n1000_m3,synthetic,barabasi_albert,2,random_failures,random,,0.65,650,0.269,269,5.57545913554902,15,0.12437699790545538,0.002325581395348837,0.0012531328320802004,2.045714285714286,20,2.2873993788508704
synthetic_comparison,BA_n1000_m3,synthetic,barabasi_albert,2,random_failures,random,,0.7000000000000001,700,0.205,205,5.636250597800096,15,0.09962456743058228,0.003472222222222222,0.0014761904761904762,1.7933333333333332,18,2.082615876461353
synthetic_comparison,BA_n1000_m3,synthetic,barabasi_albert,2,random_failures,random,,0.75,750,0.153,153,5.9449604403164775,14,0.07839981321667988,0,0.0,1.496,15,1.8401043448674317
synthetic_comparison,BA_n1000_m3,synthetic,barabasi_albert,2,random_failures,random,,0.8,800,0.099,99,5.240981240981241,12,0.05894870637458625,0,0.0,1.3,13,1.6522711641858308
synthetic_comparison,BA_n1000_m3,synthetic,barabasi_albert,2,random_failures,random,,0.8500000000000001,850,0.041,41,4.946341463414634,11,0.0226481917287286,0,0.0,0.84,9,1.2653326308392852
synthetic_comparison,BA_n1000_m3,synthetic,barabasi_albert,2,random_failures,random,,0.9,900,0.011,11,2.0727272727272728,3,0.010942760942760935,0,0.0,0.58,8,1.0017983829094552
synthetic_comparison,BA_n1000_m3,synthetic,barabasi_albert,2,random_failures,random,,0.9500000000000001,950,0.006,6,1.8666666666666667,3,0.015102040816326531,0,0.0,0.56,4,0.7255342858886822
synthetic_comparison,BA_n1000_m3,synthetic,barabasi_albert,2,random_failures,random,,1.0,1000,0.0,0,0.0,0,0.0,0.0,0.0,0.0,0,0.0
synthetic_comparison,BA_n1000_m3,synthetic,barabasi_albert,2,targeted_degree,targeted,degree,0.0,0,1.0,1000,3.4630810810810813,6,0.30574290957698474,0.017973112224112728,0.03331155234522415,5.982,121,7.325003481227842
synthetic_comparison,BA_n1000_m3,synthetic,barabasi_albert,2,targeted_degree,targeted,degree,0.05,50,0.94,940,5.387558063127365,11,0.19619060575775424,0.0032502708559046588,0.003229741019214703,3.526315789473684,13,2.1664528625244
synthetic_comparison,BA_n1000_m3,synthetic,barabasi_albert,2,targeted_degree,targeted,degree,0.1,100,0.844,844,6.7922675167113615,17,0.14285206071348464,0.003626473254759746,0.003238095238095238,2.72,9,1.6355223426579453
synthetic_comparison,BA_n1000_m3,synthetic,barabasi_albert,2,targeted_degree,targeted,degree,0.15000000000000002,150,0.727,727,8.687053099457751,19,0.09537763501536367,0.004833512352309345,0.003058823529411765,2.1741176470588237,7,1.3522228271976715
synthetic_comparison,BA_n1000_m3,synthetic,barabasi_albert,2,targeted_degree,targeted,degree,0.2,200,0.58,580,11.33882437019832,30,0.05564667205756264,0.00528169014084507,0.001875,1.7725,6,1.2127422438424416
synthetic_comparison,BA_n1000_m3,synthetic,barabasi_albert,2,targeted_degree,targeted,degree,0.25,250,0.373,373,18.162847012021103,45,0.020679694485072356,0.008797653958944282,0.0022222222222222222,1.4453333333333334,5,1.0839794996011483
synthetic_comparison,BA_n1000_m3,synthetic,barabasi_albert,2,targeted_degree,targeted,degree,0.30000000000000004,300,0.052,52,9.256410256410257,22,0.0033069748887439255,0.00974025974025974,0.0014285714285714286,1.0771428571428572,4,0.8926959854558435
synthetic_comparison,BA_n1000_m3,synthetic,barabasi_albert,2,targeted_degree,targeted,degree,0.35000000000000003,350,0.017,17,4.647058823529412,11,0.0024155546559244652,0.014285714285714285,0.0025641025641025637,0.9138461538461539,4,0.8514019069162294
synthetic_comparison,BA_n1000_m3,synthetic,barabasi_albert,2,targeted_degree,targeted,degree,0.4,400,0.008,8,2.6785714285714284,6,0.0013632906696345749,0,0.0,0.6433333333333333,3,0.6996110030263643
synthetic_comparison,BA_n1000_m3,synthetic,barabasi_albert,2,targeted_degree,targeted,degree,0.45,450,0.006,6,1.9333333333333333,3,0.0011635480487939504,0,0.0,0.5345454545454545,3,0.6506551053482194
synthetic_comparison,BA_n1000_m3,synthetic,barabasi_albert,2,targeted_degree,targeted,degree,0.5,500,0.005,5,1.8,3,0.0009792919171676688,0,0.0,0.42,3,0.6063002556489648
synthetic_comparison,BA_n1000_m3,synthetic,barabasi_albert,2,targeted_degree,targeted,degree,0.55,550,0.004,4,1.5,2,0.0006533036377134372,0,0.0,0.27111111111111114,3,0.49199016350700997
synthetic_comparison,BA_n1000_m3,synthetic,barabasi_albert,2,targeted_degree,targeted,degree,0.6000000000000001,600,0.002,2,1.0,1,0.00013784461152882205,0,0.0,0.055,1,0.22798026230355997
synthetic_comparison,BA_n1000_m3,synthetic,barabasi_albert,2,targeted_degree,targeted,degree,0.65,650,0.001,1,0.0,0,0.0,0,0.0,0.0,0,0.0
synthetic_comparison,BA_n1000_m3,synthetic,barabasi_albert,2,targeted_degree,targeted,degree,0.7000000000000001,700,0.001,1,0.0,0,0.0,0,0.0,0.0,0,0.0
synthetic_comparison,BA_n1000_m3,synthetic,barabasi_albert,2,targeted_degree,targeted,degree,0.75,750,0.001,1,0.0,0,0.0,0,0.0,0.0,0,0.0
synthetic_comparison,BA_n1000_m3,synthetic,barabasi_albert,2,targeted_degree,targeted,degree,0.8,800,0.001,1,0.0,0,0.0,0,0.0,0.0,0,0.0
synthetic_comparison,BA_n1000_m3,synthetic,barabasi_albert,2,targeted_degree,targeted,degree,0.8500000000000001,850,0.001,1,0.0,0,0.0,0,0.0,0.0,0,0.0
synthetic_comparison,BA_n1000_m3,synthetic,barabasi_albert,2,targeted_degree,targeted,degree,0.9,900,0.001,1,0.0,0,0.0,0,0.0,0.0,0,0.0
synthetic_comparison,BA_n1000_m3,synthetic,barabasi_albert,2,targeted_degree,targeted,degree,0.9500000000000001,950,0.001,1,0.0,0,0.0,0,0.0,0.0,0,0.0
synthetic_comparison,BA_n1000_m3,synthetic,barabasi_albert,2,targeted_degree,targeted,degree,1.0,1000,0.0,0,0.0,0,0.0,0.0,0.0,0.0,0,0.0
synthetic_comparison,BA_n1000_m3,synthetic,barabasi_albert,2,targeted_betweenness,targeted,betweenness,0.0,0,1.0,1000,3.4630810810810813,6,0.30574290957698474,0.017973112224112728,0.03331155234522415,5.982,121,7.325003481227842
synthetic_comparison,BA_n1000_m3,synthetic,barabasi_albert,2,targeted_betweenness,targeted,betweenness,0.05,50,0.942,942,5.3087355683861635,11,0.1996860090967079,0.004464950141390088,0.005478082461054597,3.562105263157895,17,2.240262153239093
synthetic_comparison,BA_n1000_m3,synthetic,barabasi_albert,2,targeted_betweenness,targeted,betweenness,0.1,100,0.865,865,6.6596071505031045,14,0.1522759454799692,0.0025416548997458347,0.0029999999999999996,2.7911111111111113,10,1.6940185257051052
synthetic_comparison,BA_n1000_m3,synthetic,barabasi_albert,2,targeted_betweenness,targeted,betweenness,0.15000000000000002,150,0.753,753,8.11113701223475,18,0.10871862335164274,0.0041685965724872626,0.003254901960784314,2.275294117647059,10,1.4759169339253992
synthetic_comparison,BA_n1000_m3,synthetic,barabasi_albert,2,targeted_betweenness,targeted,betweenness,0.2,200,0.624,624,10.643757459768695,26,0.06805159419136825,0.004524886877828055,0.0034583333333333332,1.87,7,1.2992690252599728
synthetic_comparison,BA_n1000_m3,synthetic,barabasi_albert,2,targeted_betweenness,targeted,betweenness,0.25,250,0.37,370,13.174833369955321,35,0.026613607915253763,0.0071090047393364926,0.0036888888888888887,1.5413333333333334,6,1.1900804828059133
synthetic_comparison,BA_n1000_m3,synthetic,barabasi_albert,2,targeted_betweenness,targeted,betweenness,0.30000000000000004,300,0.13,130,10.592605843768634,27,0.007706139349217356,0.00597609561752988,0.0023809523809523807,1.2571428571428571,6,1.0540495283255267
synthetic_comparison,BA_n1000_m3,synthetic,barabasi_albert,2,targeted_betweenness,targeted,betweenness,0.35000000000000003,350,0.034,34,5.718360071301248,14,0.0031066920121086247,0.011152416356877323,0.0025641025641025637,1.0,5,0.9097759656598473
synthetic_comparison,BA_n1000_m3,synthetic,barabasi_albert,2,targeted_betweenness,targeted,betweenness,0.4,400,0.02,20,4.647368421052631,10,0.0020345902783298463,0.02054794520547945,0.0027777777777777775,0.7933333333333333,4,0.8066115683662256
synthetic_comparison,BA_n1000_m3,synthetic,barabasi_albert,2,targeted_betweenness,targeted,betweenness,0.45,450,0.008,8,2.7142857142857144,6,0.0014621626097035922,0,0.0,0.610909090909091,4,0.7118919037639269
synthetic_comparison,BA_n1000_m3,synthetic,barabasi_albert,2,targeted_betweenness,targeted,betweenness,0.5,500,0.005,5,1.8,3,0.00098997995991984,0,0.0,0.428,3,0.5906064679632285
synthetic_comparison,BA_n1000_m3,synthetic,barabasi_albert,2,targeted_betweenness,targeted,betweenness,0.55,550,0.004,4,1.6666666666666667,3,0.0007011465808793203,0,0.0,0.29777777777777775,2,0.4901196628891942
synthetic_comparison,BA_n1000_m3,synthetic,barabasi_albert,2,targeted_betweenness,targeted,betweenness,0.6000000000000001,600,0.003,3,1.3333333333333333,2,0.0005388471177944863,0,0.0,0.21,2,0.4194043395102154
synthetic_comparison,BA_n1000_m3,synthetic,barabasi_albert,2,targeted_betweenness,targeted,betweenness,0.65,650,0.003,3,1.3333333333333333,2,0.00030290626279164964,0,0.0,0.10285714285714286,2,0.31303647828119635
synthetic_comparison,BA_n1000_m3,synthetic,barabasi_albert,2,targeted_betweenness,targeted,betweenness,0.7000000000000001,700,0.002,2,1.0,1,0.00020066889632107025,0,0.0,0.06,1,0.23748684174075835
synthetic_comparison,BA_n1000_m3,synthetic,barabasi_albert,2,targeted_betweenness,targeted,betweenness,0.75,750,0.002,2,1.0,1,9.63855421686747e-05,0,0.0,0.024,1,0.15304901175767194
synthetic_comparison,BA_n1000_m3,synthetic,barabasi_albert,2,targeted_betweenness,targeted,betweenness,0.8,800,0.001,1,0.0,0,0.0,0,0.0,0.0,0,0.0
synthetic_comparison,BA_n1000_m3,synthetic,barabasi_albert,2,targeted_betweenness,targeted,betweenness,0.8500000000000001,850,0.001,1,0.0,0,0.0,0,0.0,0.0,0,0.0
synthetic_comparison,BA_n1000_m3,synthetic,barabasi_albert,2,targeted_betweenness,targeted,betweenness,0.9,900,0.001,1,0.0,0,0.0,0,0.0,0.0,0,0.0
synthetic_comparison,BA_n1000_m3,synthetic,barabasi_albert,2,targeted_betweenness,targeted,betweenness,0.9500000000000001,950,0.001,1,0.0,0,0.0,0,0.0,0.0,0,0.0
synthetic_comparison,BA_n1000_m3,synthetic,barabasi_albert,2,targeted_betweenness,targeted,betweenness,1.0,1000,0.0,0,0.0,0,0.0,0.0,0.0,0.0,0,0.0
